id,0,2,3,0,4,5,6,7,50,51,52,10,11,12,13,14,15,16,21,22,23,24,26,27,31,32,33,34,35,36,41,42,43,44,45,46,51,52,53,54,
a486df19-85f0-4ddd-8609-b3c1660c3eff,,,,,,,,,,,,,1570398694.712,,,,,,,,,,,,,1570575503.054,1570575654.192,,,,1570575824.757,,,,,,,,,,,
f297af80-d04e-442e-99aa-ab9a9ab8e2fe,,,,,,,,,,,1570847768.291,1570847776.874,1570399070.672,1570406793.599,,,,,,,,,,,,,,,,,,,,,,,,1570847768.291,1570847776.874,,,
1c11faf4-d60c-4ba0-852b-e72f726b71ed,,,,,,,,,,,,,1570399098.913,1570402678.971,1570406534.361,1570407301.654,1570407582.64,,,1570482992.347,,,,,,,,,,,,,,,,,,,,,,
eaf044dd-894b-4ca5-81d2-e37e28f4aae6,,,,,,,,,,,1570748279.762,1570748292.071,1570399124.072,1570402692.209,1570402790.19,1570402892.117,1570406527.54,1570407164.76,,1570489163.848,,,,,,,1570579131.869,1570572047.583,,,1570579103.119,,,,,,,1570748279.762,1570748292.071,,,
0b6a49ec-90b6-4b97-ad99-83989025c104,,,,,,,,,,,,,1570399148.872,,,,,,,1570482248.59,1570482985.881,1570483739.773,1570485719.249,,,,,,,,,,,,,,,,,,,
aa9a263d-5c99-4e01-81a6-05a3f09b5eef,,,,,,,,,,,,,1570399153.003,1570400923.997,1570401044.277,1570401281.609,1570401614.562,1570408555.959,,1570485768.209,1570486485.949,1570487327.082,1570488949.668,,,,,,,,,,,,,,,,,,,
3efd38b2-13ec-4384-aca4-cbd1b47a9f52,,,,,,,,,,,,,1570399153.707,1570406708.576,1570406883.06,,,,,,,,,,,1570572008.683,1570572490.675,,,,,1570666070.221,,,,,,,,,,
70c04811-052e-47ef-aee8-c5f277733ebc,,,,,,,,,,,,,1570399184.051,,,,,,,,,,,,,,,,,,,1570654995.04,,,,,,,,,,
6dda96c6-cd29-4c2c-8cd5-f887f345c0f7,,,,,,,,,,,,,1570399219.591,1570402849.909,1570403020.663,1570403625.323,1570403969.961,1570404339.458,,,,,,,,,,,,,,1570665820.497,1570667119.141,1570666057.094,1570666792.761,1570666889.234,1570669208.386,,,,,
e70fea12-a020-440b-a561-9aaf2f947a3c,,,,,,,,,,,1570749772.062,,1570399239.512,1570402841.372,1570403138.777,1570403664.284,1570403976.481,1570404357.377,,1570485810.602,1570486021.509,1570486152.469,1570486421.722,,,1570572275.534,1570572200.977,1570572294.054,,,,1570665832.496,1570665973.441,1570666395.425,1570666799.941,1570666912.382,,1570749772.062,,1570749914.737,,
f5889ce5-8a7e-4c32-bca0-f607b595b89e,,,,,,,,,,,1570748543.402,1570741207.838,1570399263.111,1570402898.782,1570403345.781,1570403663.52,1570403802.599,1570404340.553,,1570482287.966,1570483043.534,1570485586.922,1570485712.622,,,1570569762.294,1570570360.475,,1570579287.809,1570582810.919,1570576471.447,1570655074.134,1570662033.808,1570662218.848,1570663147.208,,,1570748543.402,1570741207.838,,,
3b3a3ad3-8c54-45a5-b70d-f50c0b19d46e,,,,,,,,,,,1570742410.394,1570742401.174,1570399263.391,1570403135.764,1570403220.733,1570403461.407,1570403820.753,1570404337.402,,1570486720.709,1570486847.35,1570486944.92,1570487024.429,,,1570576587.867,,,,,1570576644.707,1570654858.108,,,,,,1570742410.394,1570742401.174,,,
d2c16f08-4a03-44da-bc4b-d814ef5c7bf4,,,,,,,,,,,1570741283.257,1570744445.416,1570399264.558,1570403131.657,1570403219.173,1570403250.904,1570403825.343,1570404486.237,,1570482278.105,1570483036.79,1570485479.122,1570485685.805,,,1570569104.388,1570575691.585,,1570579465.595,1570582812.977,1570575671.915,,,,,,,1570741283.257,1570744445.416,1570749722.414,,
5fa9f5c8-b723-4c33-80aa-67d62ca32e00,,,,,,,,,,,1570741456.616,1570741448.53,1570399274.217,1570402432.073,1570402526.973,1570402616.002,1570402830.686,,,1570489439.433,1570492798.564,1570493077.488,1570495088.641,,,1570572123.583,1570572103.413,1570572290.064,1570582651.626,,,1570655533.427,1570655553.668,1570662653.296,1570665790.416,1570665848.091,,1570741456.616,1570741448.53,1570751388.262,,
21757af5-c9c4-41f8-b6fd-9b9c73fdbde2,,,,,,,,,,,,,1570400027.157,,,,,,,,,,,,,,,,,,,,,,,,,,,,,
deff8c9d-3eff-4d9e-a372-dea759915764,,,,,,,,,,,1570746874.211,1570747016.374,1570400096.54,1570400324.043,1570400416.714,1570400870.773,1570401438.377,1570408230.531,,,,,,,,,,,,,,1570666790.794,,,,,,1570746874.211,1570747016.374,1570753035.082,,
587f1d79-0bcc-40f9-8349-b0c5e9b0ad4c,,,,,,,,,,,1570746894.094,1570747108.584,1570400123.381,1570400905.368,1570401097.457,1570401428.824,1570401696.968,1570408644.72,,1570486004.089,1570486279.736,1570487389.033,1570489120.599,,,1570572186.871,,,,,,1570666861.801,,,,,,1570746894.094,1570747108.584,,,
44ea070a-6441-4d8a-93f9-75cba0cc656c,,,,,,,,,,,1570746962.932,1570746988.777,1570400136.354,1570400334.153,1570400404.873,1570400839.754,1570401511.618,1570408542.603,,1570485690.892,1570486255.591,1570487811.069,1570488961.629,,,,,,,,,1570666813.721,,,,,,1570746962.932,1570746988.777,1570756130.428,,
97602792-31eb-4f61-be29-3a5f4e7e0e45,,,,,,,,,,,,,1570400212.573,,,,,,,,,,,,,,,,,,,,,,,,,,,,,
882dbfed-6e53-452c-a834-edbae730d342,,,,,,,,,,,,,1570400226.874,1570400396.293,,,,,,,,,,,,,,,,,,,,,,,,,,,,
d1d79907-1fe1-4ae3-b35a-512fa3edd611,,,,,,,,,,,,,1570400360.533,1570400920.217,1570401098.908,1570401376.917,1570401665.137,,,,,,,,,1570572152.934,,,,,,1570661349.528,1570673494.706,,1570673748.832,1570673913.126,,,,,,
127e8080-ad39-4ea6-b3aa-d9f7f2d71e1d,,,,,,,,,,,,,1570400435.731,1570400521.837,1570401615.562,1570401709.447,1570402469.073,,,1570493007.108,1570493293.351,1570493376.699,1570493918.288,,,1570572031.363,,,,,,,,,,,,,,,,
1c31f246-6437-4cad-a90d-188b902e4df3,,,,,,,,,,,1570745008.396,,1570400441.168,1570400527.057,1570400709.477,1570401699.522,1570402163.151,,,1570493000.85,1570493284.251,1570493366.359,1570493634.988,,,1570572029.691,,,,,,,,,,,,1570745008.396,,,,
6290c7eb-54cd-4bc4-8dd9-2b041bbc4a12,,,,,,,,,,,,,1570400523.293,1570401300.322,1570401500.411,1570401618.004,1570402706.257,1570410935.299,,,,,,,,1570577287.374,,,,,,,,,,,,,,,,
c17b2d72-afc7-4fe4-8431-a84511f9e270,,,,,,,,,,,,,1570400696.977,1570400892.657,1570401090.981,1570401310.753,1570401628.777,1570408665.12,,1570485875.489,1570486282.336,1570487913.054,1570489104.015,,,,,,,,1570583107.566,,,,,,,,,,,
0d5bdb71-afc0-4705-a233-c637718ececa,,,,,,,,,,,1570744038.555,1570743973.936,1570400745.797,1570401018.211,1570401358.113,1570401542.728,1570401872.537,1570406960.896,,1570490402.35,1570490583.062,1570490702.739,1570490816.089,,,,,,,,,1570662059.128,1570662489.409,1570662567.008,1570663074.031,,,1570744038.555,1570743973.936,1570749736.372,,
7ded481b-00a5-400d-8992-6fcfbf74f88c,,,,,,,,,,,1570743095.375,1570749767.115,1570400799.937,1570401043.164,1570401465.14,1570401702.057,1570402257.537,,,,,,,,,1570568951.69,1570572572.191,1570572335.286,,,,,,,,,,1570743095.375,1570749767.115,1570750070.932,,
7649050d-070f-438d-9e62-4bba4a211963,,,,,,,,,,,,,1570400912.69,,,,,,,,,,,,,,,,,,,,,,,,,,,,,
86966d4b-5485-4201-8c82-2d866a05f4ac,,,,,,,,,,,1570742384.662,1570742401.029,1570400942.957,1570401172.022,1570401317.851,1570401403.964,1570402097.477,,,1570481780.239,1570483290.368,1570483719.097,1570485704.687,,1570492809.989,1570570417.593,,,,,,1570669365.417,,,,,,1570742384.662,1570742401.029,,,
258e67ea-53f3-4e83-bd89-97c843aaafb6,,,,,,,,,,,1570743009.548,1570743028.25,1570400952.197,1570400995.357,1570401405.725,1570401557.07,1570402234.797,1570406825.096,,,,,,,,1570571435.543,1570571640.636,1570572300.385,,,,,,,,,,1570743009.548,1570743028.25,1570749889.243,,
5658f364-8c53-4e46-9337-c1f7aad4c6c6,,,,,,,,,,,,,1570401053.537,1570401090.14,1570401782.217,1570401893.66,1570402212.051,,,,,,,,,,,,,,,,,,,,,,,,,
f2aa3b9e-167e-4af3-9db9-a91e888afdc9,,,,,,,,,,,,,1570401170.546,1570401409.757,1570401527.278,,,,,,,,,,,,,,,,,,,,,,,,,,,
28c2360e-a9c5-45a5-8040-d47a8e41292a,,,,,,,,,,,,,1570401183.442,1570401222.813,1570401503.386,1570401873.68,1570402075.496,,,,,,,,,,,,,,,,,,,,,,,,,
213f83b5-c017-42cf-ad37-7c14f88b06d4,,,,,,,,,,,,,1570401366.913,,,,,,,,,,,,,,,,,,,,,,,,,,,,,
0061f6d2-d9e7-4186-a04b-1b163c0e1c50,,,,,,,,,,,,,1570401601.997,1570401653.277,1570401731.588,1570401789.657,1570401900.057,,,,,,,,,1570568764.109,1570584997.886,,,,,,,,,,,,,,,
0e69936e-7bc9-4f22-a115-35b1cb6a18be,,,,,,,,,,,,,1570401693.767,1570404771.681,,,,,,,,,,,,1570575034.254,1570578480.234,,,,,,,,,,,,,,,
db723e05-7c84-4b94-a286-04e74c2c98c0,,,,,,,,,,,,,1570401957.537,1570402402.426,1570402790.617,1570402907.124,1570404031.414,1570404336.609,,,,,,,,,,,,,,,,,,,,,,,,
c440ee41-2ef9-4b7a-8b8b-c3b3e31bc8d4,,,,,,,,,,,,,1570402008.709,,,,,,,,,,,,,,,,,,,,,,,,,,,,,
9f5dc9cd-5073-43f7-aae3-c28dd43d46d3,,,,,,,,,,,1570741651.376,1570744951.449,1570402074.237,1570402416.733,1570402775.408,1570402921.473,1570404023.781,1570407466.62,,1570482917.77,1570483195.166,1570484701.462,1570485613.884,,1570493461.948,1570571563.363,1570571752.551,1570577367.883,1570579261.564,1570582916.088,1570576920.413,1570655074.479,1570656240.597,1570662101.44,1570663165.826,1570665963.585,,1570741651.376,1570744951.449,,,
3bf3764f-d6eb-4a6e-9c6c-29cc480701bc,,,,,,,,,,,,,1570402094.299,,,,,,,1570496030.874,1570496664.574,1570496799.274,1570496974.314,,,,,,,,,,,,,,,,,,,
dd824a45-1070-4ddf-b459-9ba8df584904,,,,,,,,,,,1570741490.134,1570741473.083,1570402127.609,1570402264.128,1570402595.973,1570402914.059,1570403165.237,1570407120.865,,1570482922.796,1570483161.88,1570484703.428,1570485613.505,,1570493451.399,1570571567.135,1570571577.14,1570572158.347,1570579211.349,1570582808.367,1570576166.239,1570654963.048,1570656157.488,1570662012.454,1570663154.776,1570665908.376,1570669208.909,1570741490.134,1570741473.083,1570749711.323,,
0fa5a566-000e-460c-bddb-f818cd1b5ae9,,,,,,,,,,,,,1570402223.647,1570402298.844,1570402414.606,1570402567.743,1570402800.518,1570403409.983,,,,,,,,,,,,,,,,,,,,,,,,
d272f7d7-2181-4ebc-85d7-cdeb9b9502b3,,,,,,,,,,,1570749146.852,1570749253.063,1570402352.686,1570402438.933,1570402546.669,1570402670.197,1570402905.123,,,,,,,,,1570583289.706,,,,,,,,,,,,1570749146.852,1570749253.063,,,
b377c060-950e-4f09-8236-43b2bdb2147e,,,,,,,,,,,1570747822.032,1570747804.924,1570402453.093,,,,,,,,,,,,,,,,,,,1570661729.073,,,,,,1570747822.032,1570747804.924,1570754346.064,,
3cf414a4-7702-46e5-89d5-dad6cd3b8cb2,,,,,,,,,,,1570743009.845,1570743067.575,1570402531.518,1570402605.405,1570402973.721,1570403070.058,1570403612.737,1570404336.953,,,,,,,,,,,,,,1570670784.281,1570670946.821,1570671032.801,1570671465.006,1570671226.847,,1570743009.845,1570743067.575,,1570763621.108,
ee34473d-d13d-48b7-89c5-743dd646a32f,,,,,,,,,,,1570744561.406,1570744531.255,1570402553.373,1570402789.33,1570403379.113,1570403772.317,1570404007.153,1570404447.793,,,,,,,,1570575726.912,,,,,,1570661918.908,,,,,,1570744561.406,1570744531.255,,,
51ee805e-3e76-4ee2-ab08-34d8d1b38d2a,,,,,,,,,,,,,1570402578.912,1570402888.484,,,,,,,,,,,,,,,,,,,,,,,,,,,,
21fc1d02-e9aa-48b6-bf5d-8c2e26f3f16b,,,,,,,,,,,,,1570402581.821,1570402698.472,1570402787.173,1570402867.093,1570406525.331,1570407169.119,,1570485877.229,,,,,,1570571972.883,1570571999.762,1570572040.523,,,,,,,,,,,,,,
dd4e384b-ec7d-4403-bb3f-c80d50dd4e9e,,,,,,,,,,,,,1570402619.503,1570402805.177,,,,,,,,,,,,,,,,,,,,,,,,,,,,
292e6cd6-cf8a-4b8d-b528-794edf737d10,,,,,,,,,,,,,1570402629.252,1570402700.507,1570402788.153,1570402895.643,1570406527.361,1570407162.33,,,,,,,,1570571987.956,1570571999.663,1570572015.683,,,,1570666120.681,,,,,,,,,,
85184585-2a85-4301-8a9d-1ebb1d680bf9,,,,,,,,,,,,,1570402630.023,1570402723.77,,,,,,1570488964.98,,,,,,,,,,,,,,,,,,,,,,
9479a070-9308-402d-a979-b87a1f61deb2,,,,,,,,,,,,,1570402652.147,1570402709.05,1570402814.581,1570402902.073,1570406525.24,,,,,,,,,,,,,,,,,,,,,,,,,
109c6022-70d8-4482-807e-3945d1fa73ef,,,,,,,,,,,,,1570402660.066,1570403805.413,1570404830.911,,,,,,,,,,,,,,,,,,,,,,,,,,,
9796aa77-e8b8-4fb4-a92f-45d2347c7d39,,,,,,,,,,,1570744624.532,1570744647.916,1570402721.167,1570402796.063,1570403400.473,1570403761.081,1570404090.562,1570404392.424,,,,,,,,,,,,,,,,,,,,1570744624.532,1570744647.916,,,
498ca61c-9300-4a66-bfd6-bf91c0cc9eca,,,,,,,,,,,,,1570402722.945,1570403130.327,1570403222.388,1570403449.801,1570403760.022,1570404482.91,,1570482134.218,1570482978.446,,,,,,,,,,,,,,,,,,,,,
beea681c-0544-48e8-9774-9ffaac3c9508,,,,,,,,,,,,,1570402729.813,1570403268.849,1570403365.485,1570403491.539,,,,,,,,,,,,,,,,,,,,,,,,,,
e238634e-4278-467f-b6ce-3baad8e71213,,,,,,,,,,,,,1570402745.587,1570402849.057,1570403188.493,,,,,,,,,,,1570571971.611,1570572107.979,,,,,,1570675917.606,,,,,,,,,
b3d3026a-f4d6-4718-9ed7-7efe89698522,,,,,,,,,,,,,1570402782.673,1570402917.661,1570406496.48,1570406713.716,1570407072.863,,,,,,,,,,,,,,,,,,,,,,,,,
32eef118-4d8b-46d2-9cc8-c8c558de977c,,,,,,,,,,,,,1570402783.838,1570402951.679,1570403072.399,1570403640.053,1570403867.875,1570404343.067,,,,,,,,,,,,,,,,,,,,,,,,
623bf03d-1913-4ca7-8469-0573ac8d04c5,,,,,,,,,,,,,1570402788.157,1570402897.477,,,,,,,,,,,,,,,,,,,,,,,,,,,,
a693b444-e964-4ee8-bfcd-bb6954239e16,,,,,,,,,,,,,1570402788.843,1570403081.576,1570403324.099,,,,,,,,,,,,,,,,,,,,,,,,,,,
34a6e981-a47e-413e-ab79-321756c1f4ff,,,,,,,,,,,1570745204.646,1570745578.297,1570402797.965,1570402977.613,1570403405.433,1570403643.546,1570404302.837,1570404878.087,,,,,,,,,,,,,,,,,,,,1570745204.646,1570745578.297,,,
46cacdd8-6cd1-44f9-9456-cbf160320187,,,,,,,,,,,1570748653.862,1570749914.423,1570402799.735,1570403152.311,,,,,,1570489230.978,,,,,,,,,,,,,,,,,,1570748653.862,1570749914.423,,,
2c06e5a9-32f6-4104-b2f0-76dc6fa8bc73,,,,,,,,,,,1570741206.757,1570741308.318,1570402810.517,1570402861.64,1570406328.14,,,,,1570485104.803,1570489342.878,1570489424.748,1570489560.555,,,1570572374.485,1570572382.954,1570572403.59,,,,,,,,,,1570741206.757,1570741308.318,,,
1589addf-d858-4b45-8fbb-af8d8ce53fad,,,,,,,,,,,,,1570402816.237,1570403006.233,,,,,,,,,,,,,,,,,,,,,,,,,,,,
0071a85d-c388-49dc-89b1-ada88b3e9302,,,,,,,,,,,,,1570402822.797,1570403045.493,1570403236.076,1570403499.287,1570403911.401,,,,,,,,,,,,,,,,,,,,,,,,,
14bccd15-73a3-446e-87f5-fded9b735563,,,,,,,,,,,,,1570402840.241,,,,,,,,,,,,,,,,,,,,,,,,,,,,,
25ca5ee2-225a-483a-bda8-4341e1600fa4,,,,,,,,,,,1570744877.707,1570744933.305,1570402854.537,1570403047.006,1570406490.621,1570406628.423,1570406823.123,1570407144.65,,1570482043.65,1570486012.909,1570486061.207,1570486207.849,,,,,,,,,1570661585.402,,,,,,1570744877.707,1570744933.305,,,
1c163ffb-80da-4b66-84c5-72410496da15,,,,,,,,,,,,,1570402891.813,,,,,,,,,,,,,,,,,,,,,,,,,,,,,
bc1cc642-0a71-4a09-ad6e-0b4fbd9ebbca,,,,,,,,,,,,,1570402905.889,1570402992.313,1570403380.789,1570403563.513,1570403984.729,1570404358.237,,,,,,,,,,,,,,,,,,,,,,,,
2673421b-21d9-4d1f-b277-40f35d81e3c0,,,,,,,,,,,,,1570402912.657,1570403146.65,1570406560.063,1570406676.543,1570406922.6,1570407165.572,,,,,,,,1570573544.643,,,,,,1570661614.808,,,,,,,,,,
cef8297e-a20d-417e-9635-22dad1a31a02,,,,,,,,,,,1570748512.292,1570748625.457,1570402923.767,1570403113.704,1570403367.513,,,,,,,,,,,1570571758.331,,,,,,,,,,,,1570748512.292,1570748625.457,,,
269bdf49-ca55-4bd7-8b71-f92c55e83458,,,,,,,,,,,,,1570402930.821,1570403158.363,,,,,,,,,,,,,,,,,,,,,,,,,,,,
3168e254-86b1-4119-b91a-92697a1305fc,,,,,,,,,,,,,1570402940.572,1570403023.413,1570403360.093,1570403655.574,1570404021.214,1570404364.337,,1570485824.291,1570486046.022,1570486162.749,1570486440.375,,,1570572346.934,1570572231.514,1570572132.19,,,,,,,,,,,,,,
d2adb444-e316-441d-8b2d-9f027e508721,,,,,,,,,,,1570745041.515,1570745501.078,1570402957.441,1570403564.526,,,,,,,,,,,,,,,,,,,,,,,,1570745041.515,1570745501.078,,,
3178b1c7-d3be-4f88-97ee-d39d2b1e559f,,,,,,,,,,,,,1570402977.301,,,,,,,,,,,,,,,,,,,,,,,,,,,,,
78b0281a-8123-4ef5-a7ac-0b1471fadc42,,,,,,,,,,,,,1570403004.601,,,,,,,,,,,,,,,,,,,,,,,,,,,,,
3ea2324c-e890-487b-bf95-d25a9404a1c7,,,,,,,,,,,,,1570403025.33,1570403799.284,1570404300.397,1570404519.467,1570405383.719,1570406022.665,,1570489151.675,1570489758.228,1570494925.894,1570495092.261,,1570495662.994,,,,,,,,,,,,,,,,,
f0c228a2-d31a-4c54-973e-325b6831f7c3,,,,,,,,,,,,,1570403043.199,1570403421.333,1570404076.657,1570406478.189,1570406870.38,,,1570489168.598,1570494579.754,1570494733.694,1570495100.394,,1570495625.006,,,,,,,,,,,,,,,,,
3153b912-f3b9-432b-9ba6-b65eaddfbd5d,,,,,,,,,,,,,1570403053.293,1570403508.069,1570406278.472,1570406570.001,1570406848.154,,,,,,,,,,,,,,,,,,,,,,,,,
bfef6e6d-dfe8-4482-a88a-1e82f753ddb4,,,,,,,,,,,,,1570403081.293,1570403447.593,1570404073.613,,,,,,,,,,,,,,,,,,,,,,,,,,,
212b07bf-0870-423d-972f-495ddcf00dc0,,,,,,,,,,,1570748178.06,,1570403081.676,1570403485.853,1570404141.744,1570404526.161,1570405434.729,1570406027.762,,,,,,,,1570576323.179,1570576463.279,,,,,,,,,,,1570748178.06,,,,
2119a952-3aac-49b1-9f37-d13f2e8552b2,,,,,,,,,,,,,1570403100.055,,,,,,,,,,,,,,,,,,,,,,,,,,,,,
50b7541d-02e0-4f8e-9e7c-5d89da7b87b0,,,,,,,,,,,,,1570403210.719,1570403263.913,1570403417.521,,,,,,,,,,,,,,,,,,,,,,,,,,,
1b6e4595-f932-4d8a-b8d7-12e5e7690d33,,,,,,,,,,,,,1570403219.943,1570403278.429,,,,,,,,,,,,1570575679.933,,,,,,1570661888.731,1570662029.241,,,,,,,,,
820285d8-bd4f-4e91-a396-ab23d4bf6770,,,,,,,,,,,,,1570403248.241,,,,,,,,,,,,,,,,,,,,,,,,,,,,,
9e958dcd-9914-4207-a0da-2ea512574245,,,,,,,,,,,,,1570403282.513,,,,,,,,,,,,,,,,,,,,,,,,,,,,,
4cf8237c-5884-4710-a3e8-769b1deb9e18,,,,,,,,,,,,,1570403288.123,1570404129.477,,,,,,1570485244.15,1570502940.225,1570502978.324,1570503206.141,,,1570578486.494,,,,,,1570656722.47,1570656768.58,,,,,,,,,
671e2453-c8cf-4584-9c08-7b6c2866145d,,,,,,,,,,,,,1570403290.313,,,,,,,,,,,,,,,,,,,,,,,,,,,,,
853ba117-adb8-4693-a58d-e5cfd8f0b96a,,,,,,,,,,,,,1570403340.387,1570403798.093,1570404070.057,,,,,,,,,,,,,,,,,,,,,,,,,,,
3e047348-d2dc-43c9-befc-93a184a7271b,,,,,,,,,,,,,1570403345.339,,,,,,,1570493118.799,1570493388.439,1570494186.999,1570495134.754,,,,,,,,,,,,,,,,,,,
c57db19b-8ead-4789-b566-3835e969b43c,,,,,,,,,,,,,1570403362.502,1570404831.813,1570405055.733,,,,,,,,,,,,,,,,,,,,,,,,,,,
a834b6fa-77fc-4738-88fb-29b48005eacb,,,,,,,,,,,,,1570403569.273,1570403632.893,1570403919.261,1570404351.928,1570404735.121,1570405952.089,,1570489066.788,1570489444.128,1570489671.648,1570489820.232,,,,,,,,,,,,,,,,,,,
a7168b30-fe5d-470a-be56-14e795eb81c9,,,,,,,,,,,,1570749510.517,1570403597.077,1570403771.253,1570404753.521,1570404793.305,1570405032.893,1570405367.227,,1570487143.073,1570487684.312,1570487838.578,1570487921.312,,,1570576228.438,1570576278.976,1570576255.619,1570581411.121,,,1570669795.241,1570670756.431,1570670861.601,1570670985.86,1570671060.653,,,1570749510.517,,,
10b01ed4-c3c7-4a96-80e2-4a55d8416065,,,,,,,,,,,,,1570404012.493,,,,,,,,,,,,,,,,,,,,,,,,,,,,,
db4b585b-57c8-499b-b4b2-30f40ce02563,,,,,,,,,,,,,1570404044.83,,,,,,,,,,,,,,,,,,,,,,,,,,,,,
54320cfa-f88c-4195-a143-4e6c56e2a321,,,,,,,,,,,,,1570404127.497,1570404219.469,,,,,,,,,,,,1570576165.127,,,,,,,,,,,,,,,,
fa26768a-072e-41a0-843c-1d112c160641,,,,,,,,,,,,,1570404481.598,1570404539.707,1570413798.741,,,,,1570497477.418,1570498688.019,,,,,,,,,,,,,,,,,,,,,
5c3b46f1-5019-41e8-b60b-b998120ff0a8,,,,,,,,,,,,,1570404647.459,1570405381.182,,,,,,,,,,,,,,,,,,,,,,,,,,,,
fd12d5a9-9a6d-4990-a32c-4e84550479e7,,,,,,,,,,,,,1570405181.804,1570409095.394,,,,,,,,,,,,1570583947.986,1570584131.597,,,,1570583798,,,,,,,,,,,
2bb77ae0-22c2-4418-b3bf-a391e9f441e9,,,,,,,,,,,1570752184.354,,1570405247.364,,,,,,,,,,,,,1570572519.382,,,,,,,,,,,,1570752184.354,,,,
b3498a34-871d-4467-bfcd-67e2f6621365,,,,,,,,,,,1570752220.674,,1570405280.174,,,,,,,,,,,,,,,,,,,,,,,,,1570752220.674,,,,
11d7e720-6194-4750-82d6-d37e5e0cc381,,,,,,,,,,,1570741325.634,1570741300.957,1570405621.189,1570412968.701,1570417350.781,1570417526.833,1570417822.541,,,1570482178.323,1570483059.524,1570483729.842,1570488998.459,,,1570571655.791,1570572500.014,1570572455.29,1570579221.69,,1570575705.314,1570655553.286,1570655570.068,1570662060.715,1570663141.856,1570665627.136,,1570741325.634,1570741300.957,,,
135b23a7-6aec-4ed6-953d-b75ce3d5a5ad,,,,,,,,,,,,,1570406109.42,,,,,,,,,,,,,1570569094.534,,,,,,,,,,,,,,,,
841f7b64-17c8-48f4-847e-f9918e68ac3f,,,,,,,,,,,1570748431.462,1570748412.822,1570406206.2,1570410055.814,,,,,,,,,,,,1570575781.181,1570583958.956,1570584112.548,,,1570584091.691,1570662112.716,1570665882.607,1570665986.419,1570671328.827,1570671049.021,,1570748431.462,1570748412.822,1570750031.253,1570765205.261,
f2a0fcb7-82c8-4bdf-9d6a-319255b3c473,,,,,,,,,,,,,1570406208.2,,,,,,,,,,,,,,,,,,,,,,,,,,,,,
bd165e6b-13db-4caa-8c53-eaeb3701b94a,,,,,,,,,,,,,1570406282.693,,,,,,,,,,,,,,,,,,,,,,,,,,,,,
76833da2-6c17-4625-baa5-a02c9bc5b875,,,,,,,,,,,1570749881.642,1570749900.103,1570406308.3,1570406427.78,1570406532.58,1570406960.214,1570407110.613,1570407812.153,1570413551.613,,,,,,,1570575698.881,1570575735.492,1570575777.997,,,1570575649.699,,,,,,,1570749881.642,1570749900.103,1570749955.398,,
5fdab5d5-9549-45a5-944c-387cb8341dff,,,,,,,,,,,1570749870.895,1570749889.717,1570406328.615,1570406441.483,1570406522.76,1570406800.8,1570407093.603,1570407741.683,1570413536.513,1570503408.703,1570503718.727,,,,,1570575674.06,1570575746.068,1570575760.901,,,1570575639.1,,,,,,,1570749870.895,1570749889.717,1570750025.617,,
1211bd80-efef-454a-b8d7-ea5ebd323c98,,,,,,,,,,,1570749880.172,1570749909.419,1570406366.052,1570406449.556,1570406531.28,1570406840.056,1570407096.288,,,,,,,,,,,,,,,,,,,,,1570749880.172,1570749909.419,1570750090.263,,
6b862f7c-597d-411e-a8b5-b95e3275f83b,,,,,,,,,,,1570752496.823,,1570406375.791,1570406464.793,,,,,,1570495553.214,,,,,,,1570575646.453,1570575430.937,,,1570575839.907,,,,,,,1570752496.823,,,,
4c7ea23d-c803-44ca-9181-d54cba6f27f4,,,,,,,,,,,,,1570406376.894,1570406535.5,,,,,,1570495430.594,,,,,,,,,,,,,,,,,,,,,,
6f6b9a25-4865-4897-8198-abf8ff323f51,,,,,,,,,,,,,1570406382.08,1570406562.933,1570426256.472,,,,,,,,,,,1570570171.775,,,,,,,,,,,,,,,,
8a33a1c7-5714-42f2-b7a7-e63eed1ccc70,,,,,,,,,,,,,1570406401.979,1570406513.793,,,,,,,,,,,,,,,,,,,,,,,,,,,,
10635ed7-ba7c-4050-8a98-80cc49182f00,,,,,,,,,,,,,1570406410.46,1570423538.18,,,,,,,,,,,,,,,,,,,,,,,,,,,,
5a84909b-dfe8-492d-8f5e-ee3e96f207ad,,,,,,,,,,,,,1570406415.32,1570414548.661,,,,,,,,,,,,,,,,,,1570668083.591,1570669186.839,1570669298.031,,,,,,,,
5cdbfc51-1915-41d1-aeb3-23ad16359706,,,,,,,,,,,,,1570406418.079,1570406536.084,,,,,,,,,,,,,,,,,,,,,,,,,,,,
ec34bcdc-5386-413d-a276-21953ce8b9fb,,,,,,,,,,,,,1570406422.58,1570412179.662,1570412256.201,1570412314.615,1570412452.753,,,1570488481.035,1570488726.575,1570488759.744,1570488999.715,,,,,,,,,,,,,,,,,,,
e2b4fde8-3b19-4cd3-b4c0-833d68922fae,,,,,,,,,,,,,1570406473.04,1570406504.8,,,,,,,,,,,,,,,,,,,,,,,,,,,,
c4e351fc-7f2c-4788-9d18-5f177ab28222,,,,,,,,,,,,,1570406482.28,1570406520.14,1570406876.371,,,,,,,,,,,,,,,,,1570666326.237,,,,,,,,,,
20e9e184-73bd-418c-a431-0be4621b4dc1,,,,,,,,,,,,,1570406539.318,1570406619.745,,,,,,,,,,,,,,,,,,,,,,,,,,,,
56864758-506d-40e9-973d-af14c25e016a,,,,,,,,,,,,,1570406561.063,1570406734.683,,,,,,,,,,,,,,,,,,,,,,,,,,,,
db1492fa-7c1b-4921-bda3-bab323384f98,,,,,,,,,,,,,1570406610.62,1570407185.315,,,,,,,,,,,,,,,,,,,,,,,,,,,,
2f202594-46ce-490c-ad1d-e2a1a71fae1f,,,,,,,,,,,,,1570406617.324,1570413046.301,,,,,,,,,,,,,,,,,,,,,,,,,,,,
a460eb02-1478-4aff-a7d5-9f2dfe339431,,,,,,,,,,,,,1570406654.863,1570406780.303,1570406921.28,,,,,,,,,,,1570572281.654,,,,,,1570666315.741,,,,,,,,,,
bbc3b635-f371-447f-955f-8588a24e5439,,,,,,,,,,,,,1570406665.443,1570406948.44,1570407548.34,1570408230.476,1570408744.773,,,,,,,,,,,,,,,,,,,,,,,,,
488bb717-4f72-4e6f-8821-667cb9041b99,,,,,,,,,,,,,1570406685.463,1570406823.87,1570407908.856,1570407964.763,1570408198.163,1570409646.012,,1570485303.689,1570486214.162,1570486332.899,1570487698.478,,,,,,,,,,,,,,,,,,,
218bc0e4-2e7e-47d4-a64f-5a08e32d4895,,,,,,,,,,,,,1570406730.983,,,,,,,,,,,,,,,,,,,,,,,,,,,,,
7ebb15f0-203e-4727-a66c-1c421f42ae6a,,,,,,,,,,,,,1570406768.523,1570407286.051,1570407474.62,1570409736,1570410142.413,1570410737.004,,1570484678.673,1570485620.29,1570485970.182,1570489405.062,,,,,,,,,1570665808.696,1570665924.321,,,,,,,,,
b4afe843-9446-4a1f-a021-d0fb9ba8212d,,,,,,,,,,,,,1570406838.043,,,,,,,,,,,,,,,,,,,,,,,,,,,,,
5694315b-e42f-443d-97aa-749590150977,,,,,,,,,,,,,1570406862.663,1570406924.1,,,,,,,,,,,,1570573296.364,,,,,,,,,,,,,,,,
fd56b51d-4e34-40a3-9505-6c13f6fc2f6f,,,,,,,,,,,,,1570406950.326,1570407036.229,1570407174.105,1570407365.003,1570407698.863,,,,,,,,,,,,,,,,,,,,,,,,,
1f203fa0-d40e-4449-9333-12459ec86b6c,,,,,,,,,,,,,1570406950.428,1570407048.423,1570407162.391,1570407345.549,1570407525.365,,,,,,,,,,,,,,,,,,,,,,,,,
a3a63815-4fa1-48c9-bb19-0f14bd417cf6,,,,,,,,,,,,,1570407154.584,,,,,,,,,,,,,,,,,,,,,,,,,,,,,
948fdd5a-399f-473e-a3c6-039ccb4bdfc6,,,,,,,,,,,,,1570407378.853,,,,,,,,,,,,,,,,,,,,,,,,,,,,,
f54163ae-5d67-4fe5-8ef9-84703b53d887,,,,,,,,,,,,,1570407380.513,1570407524.86,1570407636.88,1570408053.203,,,,,,,,,,,,,,,,,,,,,,,,,,
ba3f2bee-2ba1-4089-84fb-2c2a10671bed,,,,,,,,,,,,,1570407421.263,1570408724.733,1570408997.634,1570409043.793,1570410142,,,,,,,,,1570569905.574,1570569986.503,,,,,,,,,,,,,,,
431b50ef-0a24-448c-83b5-50ba3ee29b4a,,,,,,,,,,,1570741389.934,1570741258.014,1570407436.42,1570408568.203,1570408837.38,1570408964.003,1570410132.681,,,,,,,,,1570569883.908,1570569941.393,1570575414.914,,,,,,,,,,1570741389.934,1570741258.014,,,
7ad412a0-dd78-4624-8eb9-ae217929340a,,,,,,,,,,,1570741360.331,1570741397.234,1570407447,1570408603.903,1570408845.54,1570408914.294,1570410123.401,,,,,,,,,,,,,,,,,,,,,1570741360.331,1570741397.234,,,
cd652ec7-1e4d-4496-bbc3-82d8cc7edb84,,,,,,,,,,,,,1570408109.003,1570408189.513,1570412503.579,1570413062.841,1570414148.851,,,1570481850.913,1570481871.548,1570485835.443,1570485942.169,,,1570572146.123,1570585326.069,1570572031.311,1570582940.907,,,,,,,,,,,,,
585f2ed1-405a-448b-9d74-5376be86c7e6,,,,,,,,,,,,,1570408165.663,1570409157.573,,,,,,,,,,,,,,,,,,,,,,,,,,,,
03f04bc8-3c9e-4808-9f1e-3096fd6f75d3,,,,,,,,,,,,,1570408200.634,1570408295.9,1570409255.713,,,,,,,,,,,,,,,,,1570655075.047,1570656248.108,,,,,,,,,
e428e8d0-4314-4f2c-84df-8d66a85bd879,,,,,,,,,,,,,1570408218.843,1570408461.61,,,,,,,,,,,,,,,,,,,,,,,,,,,,
aab1bae1-c4ad-4c5f-acf2-b323e1df2673,,,,,,,,,,,,,1570408332.966,1570408527.937,,,,,,,,,,,,,,,,,,,,,,,,,,,,
fa399f14-2acd-403a-a206-144adc196f92,,,,,,,,,,,,,1570408710.372,1570408996.36,1570409121.351,1570409340.359,,,,,,,,,,,,,,,,,,,,,,,,,,
062b5e6d-dfa0-4fb5-af94-ed3e27f74504,,,,,,,,,,,,,1570408758.92,1570408891.58,1570409010.227,1570409741.186,1570409939.375,1570412142.862,,1570496347.66,1570496889.054,1570496924.777,1570497123.334,,,,,,,,,1570655118.088,1570659584.808,1570662079.963,,,,,,,,
148eb9b6-7f47-4e24-9229-cb3fab5c6a0b,,,,,,,,,,,,,1570409012.973,1570409181.426,,,,,,1570486595.102,,,,,,1570570077.683,1570573827.923,1570573817.473,,,,,,,,,,,,,,
c7583937-507a-460a-9506-9bfeaf36914f,,,,,,,,,,,,,1570409043.093,1570409089.143,1570409228.933,1570409436.28,1570409622.241,1570410035.972,,1570486634.697,1570486947.002,1570487435.695,1570487632.958,,,,,,,,,,,,,,,,,,,
ee8d5851-f814-4222-a8c8-82cc44a0404d,,,,,,,,,,,1570743150.635,1570743134.776,1570409792.32,1570409877.853,1570411759.946,1570411896.102,1570412441.773,1570412701.833,,1570490407.928,1570490650.828,1570490707.189,1570490814.705,,,,,,,,,1570662108.099,1570662423.556,1570662567.216,1570663054.476,1570665791.35,,1570743150.635,1570743134.776,1570749712.302,,
8fb32ca4-4617-4140-8ee8-d24a389bac5b,,,,,,,,,,,,,1570409972.953,1570410187.301,1570410307.961,1570410474.625,1570410672.973,1570411086.683,,1570486092.342,1570486423.542,1570487229.596,,,,,,,,,,,,,,,,,,,,
19e8418c-3783-417c-9aab-2be9d04d9e10,,,,,,,,,,,,,1570409999.473,1570410181.92,1570410511.8,1570410561.58,1570410691.193,1570411117.072,1570413604.074,,,,,,,,,,,,,,,,,,,,,,,
e20beacd-f258-4ca9-b73e-27c406c60c6e,,,,,,,,,,,,,1570410071.728,1570411214.113,1570413518.073,,,,,,,,,,,,,,,,,,,,,,,,,,,
129f9467-940b-4317-9be2-b4bee41ad724,,,,,,,,,,,,,1570410083.624,1570410179.863,1570410316.314,1570410427.777,1570410673.993,1570411113.79,,,,,,,,,,,,,,,,,,,,,,,,
e3d5ec27-241a-45c4-ad9d-856814d7ec49,,,,,,,,,,,1570749676.682,1570749514.801,1570410101.313,1570410361.413,1570410578.64,1570410794.011,1570411170.814,1570412190.482,,,,,,,,1570577365.958,,,,,1570577573.103,1570660309.946,1570659793.166,1570662096.688,1570663235.296,,,1570749676.682,1570749514.801,,,
e55da3de-a4b5-4b67-98d9-0dc9b786a217,,,,,,,,,,,,,1570410136.141,,,,,,,,,,,,,,,,,,,,,,,,,,,,,
1b6cf23c-235c-4cf8-ae25-e61247a29488,,,,,,,,,,,,,1570410176.183,,,,,,,,,,,,,,,,,,,,,,,,,,,,,
6585edcb-f142-4c30-850d-f25a9a32e15e,,,,,,,,,,,,,1570410205.361,1570410412.225,1570410486.966,,,,,,,,,,,,,,,,,,,,,,,,,,,
e31b5da0-2449-45b1-9a84-d9b53f78a976,,,,,,,,,,,,,1570410212.843,1570410298.82,1570410531.54,,,,,1570481166.186,1570481231.058,1570481287.526,,,,,,,,,,,,,,,,,,,,
ad712013-c214-4c92-92bb-6dcaa1f67139,,,,,,,,,,,,,1570410213.564,1570410328.433,1570410492.159,,,,,,,,,,,,,,,,,,,,,,,,,,,
ef13d03c-d1c7-4df3-b488-acbb35e2685d,,,,,,,,,,,1570742670.556,1570743084.906,1570410253.453,1570410438.847,1570410566.409,1570410716.42,1570411106.373,1570412142.669,,,,,,,,,,,,,,1570660317.426,1570663379.436,1570662055.988,1570663194.216,,,1570742670.556,1570743084.906,,,
4c3384b1-3bc9-47ec-985a-a2061551bffa,,,,,,,,,,,,,1570410269.099,1570410366.704,1570410569.794,1570410723.412,1570411113.708,1570412144.622,,,,,,,,,,,,,,,,,,,,,,,,
03e82d4c-051d-4fef-a12b-506995b18c5c,,,,,,,,,,,,,1570410371.52,1570410397.14,,,,,,,,,,,,1570568412.956,,,,,1570578946.743,,,,,,,,,,,
dc40c344-aec5-4ec6-85a5-aa3915f95b6a,,,,,,,,,,,,,1570410446.893,1570410709.633,1570410916.196,,,,,,,,,,,,,,,,,,,,,,,,,,,
86eee38c-915d-4015-b343-47e79cf297dc,,,,,,,,,,,,,1570410600.22,,,,,,,,,,,,,,,,,,,,,,,,,,,,,
38b6a1ba-61fb-4ac0-9ce7-96c232a44e7d,,,,,,,,,,,1570751387.463,1570751358.602,1570410897.242,1570410952.976,1570411076.525,1570411133.821,1570411374.322,1570412016.842,,1570485507.502,1570485722.061,1570485736.083,1570485967.002,,1570493464.888,1570572450.744,,,,,,1570669369.101,,,,,,1570751387.463,1570751358.602,,,
f88b0eef-5b14-43d2-bdae-be9f0d300919,,,,,,,,,,,1570742817.175,1570742955.036,1570410901.882,1570410955.762,1570411034.385,1570411176.254,1570411579.814,1570412166.402,,1570482350.76,1570483124.235,1570484694.702,1570486505.269,,,1570572536.959,,,,,,1570656562.948,1570656786.288,,,,,1570742817.175,1570742955.036,,,
91ed21e3-7943-4a67-bf19-8d9fb8c3f161,,,,,,,,,,,,,1570410914.446,1570411295.293,1570411404.867,,,,,,,,,,,,,,,,,,,,,,,,,,,
c15cb9f5-37b2-4f92-91af-98b7f20646c6,,,,,,,,,,,,,1570411232.534,1570411257.146,1570411350.542,1570411412.222,1570411576.775,1570417390.978,,1570483253.343,1570483402.427,1570483717.949,1570489109.919,,,,,,,,,,,,,,,,,,,
6fcd1692-700c-4dd3-9669-16403b386752,,,,,,,,,,,,,1570412416.202,1570412867.462,,,,,,,,,,,,,,,,,,,,,,,,,,,,
ab5cd952-4693-43ed-8213-ed1a6dead49c,,,,,,,,,,,,,1570412430.265,1570412494.348,1570412729.466,,,,,,,,,,,,,,,,,,,,,,,,,,,
8e259309-b523-4203-a0cd-1cbd8d9c88a5,,,,,,,,,,,,,1570412492.469,1570412853.964,,,,,,,,,,,,,,,,,,,,,,,,,,,,
d9de24dd-e1a7-4eca-8635-215f26d01777,,,,,,,,,,,,,1570412510.633,1570412855.324,,,,,,,,,,,,,,,,,,,,,,,,,,,,
00a879a2-79fb-4e02-8e80-8c15a032a733,,,,,,,,,,,,,1570412532.213,1570412855.682,,,,,,,,,,,,,,,,,,,,,,,,,,,,
1e42ee70-cd86-479e-a044-337d28f81568,,,,,,,,,,,,,1570412610.505,1570412766.041,,,,,,,,,,,,,,,,,,,,,,,,,,,,
7d148cd5-0cab-4cf4-a138-c34388cf2562,,,,,,,,,,,,,1570412751.152,,,,,,,,,,,,,,,,,,,1570673718.626,,,,,,,,,,
db19270e-7c34-43e9-b792-42efc409b76f,,,,,,,,,,,1570751717.843,,1570412795.401,1570412884.622,1570413087.986,1570413165.882,1570414067.681,,,1570484046.882,1570484320.428,1570484361.274,1570485724.502,,,1570574575.903,1570574589.034,1570574643.794,,1570582815.226,1570575617.853,,,,,,,1570751717.843,,,,
3cec44f8-227b-4048-95d8-cc7674919c07,,,,,,,,,,,,,1570412796.114,1570412901.256,,,,,,,,,,,,,,,,,,,,,,,,,,,,
558430d9-23da-4528-a9be-7ec7322c9e12,,,,,,,,,,,,,1570412800.448,,,,,,,,,,,,,,,,,,,,,,,,,,,,,
9e3f9acb-ccb4-4ab5-bb31-2a46d934dbf4,,,,,,,,,,,,,1570412832.167,1570412909.761,,,,,,,,,,,,,,,,,,,,,,,,,,,,
3e630c5a-4772-4cec-ac53-f373e86bdcd3,,,,,,,,,,,,,1570412853.981,,,,,,,,,,,,,,,,,,,1570673735.246,,,,,,,,,,
4ad33457-c189-4b2f-8214-27ddee38702e,,,,,,,,,,,,,1570412889.022,,,,,,,,,,,,,,,,,,,1570673739.646,,,,,,,,,,
45e1f8c9-9738-49a8-8dd8-030768b60602,,,,,,,,,,,1570749123.103,1570749152.762,1570412890.216,,,,,,,,,,,,,,,,,,,,,,,,,1570749123.103,1570749152.762,,,
48b7a72f-dd36-489e-ae66-4dcfac27bc08,,,,,,,,,,,1570743184.837,1570743118.547,1570412950.682,1570413049.541,1570413122.573,1570418539.183,1570418879.999,,,,,,,,,,,,,,,1570669433.961,,,,,,1570743184.837,1570743118.547,,,
289a74cc-1904-445f-b0fa-39e4e7e12225,,,,,,,,,,,,,1570413009.007,,,,,,,,,,,,,,,,,,,,,,,,,,,,,
d5ccfcf2-7399-4cdd-8be7-83918b85546e,,,,,,,,,,,,,1570413019.495,1570413153.362,1570413499.373,,,,,1570499001.76,1570499227.759,1570499313.268,,,,1570578888.134,,,,,,1570660353.348,1570660613.662,,,,,,,,,
19cd2711-e1de-4297-baf1-a06e803935bd,,,,,,,,,,,,,1570413042.401,,,,,,,,,,,,,,,,,,,,,,,,,,,,,
43028f13-9225-408b-af69-82ebbe0af9bc,,,,,,,,,,,,,1570413058.336,1570413361.093,1570413522.386,,,,,,,,,,,,,,,,,,,,,,,,,,,
91265318-969f-44a1-a24d-7d6b21cafcb7,,,,,,,,,,,,,1570413086.613,1570413406.653,,,,,,,,,,,,,,,,,,,,,,,,,,,,
e93fbf75-923b-47d8-8664-9aa28bb0257d,,,,,,,,,,,,,1570413134.003,1570413352.549,,,,,,,,,,,,,,,,,,,,,,,,,,,,
5ae2d8a9-3da8-4683-97a0-eda00bcd7039,,,,,,,,,,,,,1570413279.582,1570413367.463,1570413471.111,,,,,1570481206.267,1570481244.927,1570481266.65,,,,1570579159.802,,,,,,,,,,,,,,,,
2cfdf048-1ab0-40ec-9ca9-01755ba8584b,,,,,,,,,,,,,1570413284.193,,,,,,,,,,,,,,,,,,,,,,,,,,,,,
300066b4-ee1e-478f-b68c-68758face64c,,,,,,,,,,,,,1570413315.753,,,,,,,,,,,,,,,,,,,,,,,,,,,,,
eaebcbd9-fda6-4759-848a-747acb0f8d0e,,,,,,,,,,,,,1570413370.673,1570413436.333,,,,,,,,,,,,,,,,,,,,,,,,,,,,
2decfd77-1978-4b58-999d-e4d2df97bf89,,,,,,,,,,,,,1570413477.753,1570413648.683,1570416922.233,,,,,,,,,,,,,,,,,,,,,,,,,,,
e9652cb2-43b1-498e-9893-c5403c9fef93,,,,,,,,,,,,,1570413538.943,1570413774.481,,,,,,,,,,,,,,,,,,,,,,,,,,,,
2eabe562-d8a2-42d4-afe5-2375fa7b0ac3,,,,,,,,,,,,,1570413683.933,1570413903.701,1570414049.921,1570414160.285,1570414391.351,1570414646.813,,,,,,,,,,,,,,,,,,,,,,,,
660a30e1-f783-40f8-8a44-762f0394d439,,,,,,,,,,,,,1570413715.345,1570413782.322,,,,,,,,,,,,,,,,,,,,,,,,,,,,
0913b5f1-d093-4fce-83d0-b74bf2ace130,,,,,,,,,,,,,1570413716.297,1570413759.181,1570413842.541,1570413918.461,1570414076.135,,,,,,,,,,,,,,,,,,,,,,,,,
a5348739-5d15-4df6-b09c-672ba6f60746,,,,,,,,,,,1570748741.882,1570748701.957,1570413777.421,1570414024.081,1570414119.441,1570414139.952,1570414277.784,,,1570491798.348,1570492419.881,1570492539.161,1570493155.659,,,1570568833.738,1570568879.715,1570572708.791,1570579907.229,,,1570662236.748,1570662352.945,1570667404.321,1570668040.661,,,1570748741.882,1570748701.957,1570754343.548,,
5d0760c0-d7c5-47b8-aa9f-d00d68ec7658,,,,,,,,,,,,,1570413954.241,1570414557.492,,,,,,,,,,,,,,,,,,,,,,,,,,,,
4990f6fa-def9-4d5e-b371-0ddb9dc34dd3,,,,,,,,,,,,,1570414048.361,,,,,,,,,,,,,,,,,,,,,,,,,,,,,
29dc9384-73dd-40fe-8004-84980af08872,,,,,,,,,,,,,1570414077.147,,,,,,,,,,,,,,,,,,,,,,,,,,,,,
11331a55-495f-41b5-9ae0-5bb43fedc9bb,,,,,,,,,,,,,1570414145.214,1570414541.821,,,,,,1570496050.414,,,,,,,,,,,,,,,,,,,,,,
e9eedcdb-211d-4433-afb6-8022606bb477,,,,,,,,,,,,,1570414441.379,1570414513.821,,,,,,,,,,,,,,,,,,1570667324.359,1570668696.219,1570669036.779,,,,,,,,
065d5424-4714-4fb7-b75c-a2e206d4b108,,,,,,,,,,,1570752448.563,,1570414508.052,1570414592.973,,,,,,1570495594.094,,,,,,1570575186.594,1570575751.632,1570575243.534,,,1570575774.099,,,,,,,1570752448.563,,,,
d2652b84-9cc1-4cbe-be28-9dffc401b6a8,,,,,,,,,,,1570741999.484,1570742033.576,1570414734.513,1570415360.29,,,,,,,,,,,,1570569345.789,1570569373.954,1570579901.222,1570580115.089,,1570579969.489,1570655653.611,1570655691.559,1570662342.907,1570663115.976,1570688308.771,1570669314.585,1570741999.484,1570742033.576,1570751103.904,,
bde26d86-8bce-4b3d-a1a2-a34a59460c88,,,,,,,,,,,1570751770.425,1570751843.683,1570414933.433,1570415515.581,1570415623.845,,,,,,,,,,,,,,,,,,,,,,,1570751770.425,1570751843.683,1570751869.856,,
4288a8ce-ad48-4671-83b1-48e37caa7e36,,,,,,,,,,,,,1570415183.121,1570415486.802,1570415606.835,,,,,,,,,,,,,,,,,,,,,,,,,,,
33788ba5-eb97-4379-9e75-8c720fe061ca,,,,,,,,,,,,,1570415556.467,1570415622.453,,,,,,,,,,,,,,,,,,,,,,,,,,,,
0a89975b-2e77-42c2-9c6f-6ad7baea4d3f,,,,,,,,,,,,,1570415603.047,,,,,,,,,,,,,,,,,,,,,,,,,,,,,
8ee88b1a-c5df-45cc-97ce-6a42059cb247,,,,,,,,,,,,,1570415649.445,1570415853.533,,,,,,,,,,,,,,,,,,,,,,,,,,,,
5707e119-9811-4e43-8eb0-7c6f5784821c,,,,,,,,,,,,,1570415660.413,1570415745.445,,,,,,,,,,,,,,,,,,,,,,,,,,,,
6e582944-ba1d-410a-aa6a-63bc13776456,,,,,,,,,,,,,1570415809.373,1570415956.926,,,,,,,,,,,,1570568668.818,,,,,,,,,,,,,,,,
09c2e4c5-cd2d-4838-bb1e-64b3ed80b877,,,,,,,,,,,,,1570415929.125,1570416194.397,1570416403.131,1570416519.601,1570416752.934,,,,,,,,,,,,,,,,,,,,,,,,,
c18206f9-bfc2-42c3-bc19-8db9a462041c,,,,,,,,,,,,,1570416212.754,,,,,,,,,,,,,,,,,,,,,,,,,,,,,
57b95fbd-b045-4bcb-9ba0-12295bf4689a,,,,,,,,,,,,,1570416271.475,1570416293.731,1570416396.097,1570416409.294,1570416686.001,,,,,,,,,,,,,,,,,,,,,,,,,
bff29d65-a513-43c3-a95f-403175297da7,,,,,,,,,,,,,1570416293.332,,,,,,,,,,,,,,,,,,,,,,,,,,,,,
22491e7a-9872-4d49-821d-4c6e1379321e,,,,,,,,,,,,,1570416489.372,,,,,,,,,,,,,,,,,,,,1570674219.54,,,,,,,,,
dae062cd-9c25-42dd-8dd9-be7bdf775cc5,,,,,,,,,,,1570747478.897,1570747616.765,1570417079.781,1570417267.001,1570417453.509,,,,,1570497715.687,1570498644.649,1570498675.735,1570498818.933,,,,,,,1570582816.271,,1570654811.549,1570664800.736,1570664858.354,1570670375.554,1570671693.869,,1570747478.897,1570747616.765,,,
b2cc43d0-3ddc-42b1-9ed5-13344e84beeb,,,,,,,,,,,,,1570417260.553,,,,,,,1570481772.259,,,,,,,,,,,,,,,,,,,,,,
8c522fb7-6529-463c-aef5-2faa5db49c76,,,,,,,,,,,,,1570417483.893,1570417638.443,1570417774.161,,,,,1570496892.974,1570499607.379,,,,,,,,,,,,,,,,,,,,,
2b1f56b9-7b0e-4950-90ef-ad2d3c28c3e6,,,,,,,,,,,,,1570417539.461,1570417629.223,,,,,,,,,,,,,,,,,,,,,,,,,,,,
72e0df2d-19c2-4695-8fb6-d973b43a165f,,,,,,,,,,,,,1570417584.574,,,,,,,,,,,,,,,,,,,,,,,,,,,,,
86b0f7a4-1f23-42be-9eaf-8d71c9dc118a,,,,,,,,,,,,,1570417668.494,1570417716.567,,,,,,,,,,,,,,,,,,,,,,,,,,,,
a7f4a1b1-5bfc-4f86-aa18-b09d28cb9775,,,,,,,,,,,,,1570417786.321,,,,,,,,,,,,,,,,,,,,,,,,,,,,,
5b60bf3d-7406-4954-ab33-f940e126673e,,,,,,,,,,,,,,,,,,,,1570482259.89,1570483045.11,1570483820.775,,,,,,,,,,,,,,,,,,,,
a0e8c8ee-6507-4191-ba25-a650c0de0222,,,,,,,,,,,,,1570565105.433,,,,,,,1570482410.711,1570482901.407,1570483741.812,1570485664.982,,,1570572048.207,1570572077.657,1570572092.676,,,,,,,,,,,,,,
213d0155-add8-4d41-955d-6b00d2d4d719,,,,,,,,,,,1570744940.356,1570741678.752,,,,,,,,1570482914.551,1570483144.316,1570484873.556,1570485614.149,,,,,,1570579340.622,,,1570654970.188,1570661962.44,1570662017.684,1570663146.148,,,1570744940.356,1570741678.752,1570749731.322,,
93ba6ae5-4bb7-407d-bbcb-8a13c0f5d873,,,,,,,,,,,1570748502.468,1570749364.633,1570572492.274,,,,,,,1570483253.572,1570483491.586,1570484259.098,1570486456.742,,,1570572178.691,,,1570582734.368,,,1570665909.902,1570666407.9,1570666614.581,,,,1570748502.468,1570749364.633,,,
edb311ab-9ecb-4750-b399-50f22d656a55,,,,,,,,,,,1570742588.407,1570742616.991,1570742061.245,,,,,,,1570484086.522,1570484308.918,1570484354.642,1570485726.722,,,,,,,,,,,,,,,1570742588.407,1570742616.991,,,
f66b1f81-5b41-4dba-8547-abd83ac5d090,,,,,,,,,,,,,,,,,,,,1570484590.577,1570492197.704,1570492528.641,1570492772.137,,,,,,,,,,,,,,,,,,,
219a2fce-27d1-44c9-aeca-739b57fa9c2b,,,,,,,,,,,,,,,,,,,,1570485317.329,1570486308.723,1570487332.722,1570487701.418,,,,,,,,,,,,,,,,,,,
bcb4b4fe-e872-4bf6-a575-f0d8a9e45dca,,,,,,,,,,,,,,,,,,,,1570485732.852,1570486339.822,1570486388.043,1570486553.333,,,,,,,,,,,,,,,,,,,
d98f8a09-1b7d-4388-a24c-e5ea6b695736,,,,,,,,,,,,,,,,,,,,1570485799.7,1570486334.002,1570487850.618,1570489130.455,,,,,,1570583083.446,,,,,,,,,,,,,
c02dd27f-3701-4ba4-b5b3-2e44e1b735de,,,,,,,,,,,,,1570572163.602,,,,,,,1570485829.704,1570486036.477,,,,,,,,,,,1570665750.147,,,,,,,,,,
33c4f177-d044-4f88-b2ec-26d3652ca386,,,,,,,,,,,,,,,,,,,,1570485834.549,,,,,,,,,,,,,,,,,,,,,,
07019e2a-21d4-45c1-bc10-8d67ebd49b9d,,,,,,,,,,,,,,,,,,,,1570485906.81,1570486298.989,1570487886.698,1570489105.12,,,,,,,,,,,,,,,,,,,
55be8aea-d472-4d65-9632-4d8cfd288a62,,,,,,,,,,,,,,,,,,,,1570486122.193,1570487774.362,1570487889.772,,,,,,,,,,,,,,,,,,,,
fa579792-c990-461c-bb14-63c102e36aee,,,,,,,,,,,,,1570572062.423,,,,,,,1570486154.909,1570486326.149,1570487846.238,,,,1570571835.456,1570572218.104,1570572400.954,1570580494.458,,,,,,,,,,,,,
e7430cfa-85b8-44a9-b22d-91dbfd889fc6,,,,,,,,,,,,,1570571127.024,,,,,,,1570486175.549,,,,,,,,,,,,,,,,,,,,,,
d8f46a8b-0a53-496b-a324-8329700ec4a8,,,,,,,,,,,1570747517.183,1570747555.883,1570572860.874,,,,,,,1570487492.495,1570487696.899,1570487747.342,1570487927.558,,,1570572834.314,1570572905.114,,1570581474.412,,,1570669659.281,1570675766.747,,,,,1570747517.183,1570747555.883,,,
b2b597e5-4fa2-4dda-abba-d3a7061e6183,,,,,,,,,,,,,1570568401.197,,,,,,,1570487704.722,1570488716.967,1570499819.539,,,,1570568517.605,,,,,,,,,,,,,,,,
24d58e49-64b4-4123-83fc-d929bfe2e795,,,,,,,,,,,,,,,,,,,,1570488588.309,1570488888.82,1570489540.986,1570490390.008,,,,,,,,,,,,,,,,,,,
84f70838-4021-4941-b507-93badc18e9b6,,,,,,,,,,,1570741620.096,1570741656.196,1570572082.483,,,,,,,1570488588.415,1570488888.605,1570489544.815,1570490372.542,,1570493488.321,1570572410.194,1570572160.331,1570573507.203,1570579309.589,,1570576952.514,1570655247.188,1570656696.108,1570662093.881,1570663159.068,1570665902.836,,1570741620.096,1570741656.196,,,
83103bca-3bb8-4f06-9d61-785df3416a51,,,,,,,,,,,,,,,,,,,,1570488628.035,,,,,,1570577829.294,,,,,,,,,,,,,,,,
75a70743-55cb-44d7-a3c7-6407eddd5fd1,,,,,,,,,,,,,,,,,,,,1570489018.617,1570489569.501,1570491606.619,1570491920.881,,,,,,,,,,,,,,,,,,,
03110efb-dea7-47c3-8434-d3a654ef8d7f,,,,,,,,,,,,,,,,,,,,1570489276.088,,,,,,,,,,,,,,,,,,,,,,
ffe93f61-4112-4bbe-be68-8c4c34e561ed,,,,,,,,,,,1570748365.682,,,,,,,,,1570489278.628,1570489578.315,1570491608.608,1570491899.388,,,,,,,,,,,,,,,1570748365.682,,,,
08bebf93-fa3d-45db-a846-3f61158b4814,,,,,,,,,,,1570748273.854,1570748426.022,,,,,,,,1570489427.757,1570489667.768,1570489768.275,1570490295.294,,,1570576917.107,1570576883.079,,1570581089.241,,,,,,,,,1570748273.854,1570748426.022,,,
ad3f29de-ed60-4c34-96b3-b9abca5a4474,,,,,,,,,,,1570745096.762,,1570574465.167,,,,,,,1570489444.988,1570489758.615,1570490414.448,,,,1570574561.404,,1570575165.728,,,1570577487.914,,,,,,,1570745096.762,,,,
124a825d-0555-4737-9087-5726925d4ad4,,,,,,,,,,,,,,,,,,,,1570489493.434,,,,,,1570572210.076,,,1570583043.187,,,,,,,,,,,,,
ea7ee647-7d92-405a-a16f-7b4f403ed75d,,,,,,,,,,,1570752171.415,,,,,,,,,1570489672.728,1570490170.966,1570490262.795,1570490433.55,,,,,,,,,1570675131.294,1570675167.174,1570675254.454,,,,1570752171.415,,,,
b64d447a-6ce2-46fe-b5b3-aff50ecc775c,,,,,,,,,,,1570752173.373,,1570574639.145,,,,,,,1570489725.568,1570490186.428,1570490294.151,1570490414.395,,,1570574557.954,,1570574583.247,1570579320.572,,1570575931.568,1570655901.867,1570656168.968,1570662154.914,1570663145.896,1570666157.361,1570669207.906,1570752173.373,,,,
931b3584-3e61-4e52-82b6-e8cafdef47bb,,,,,,,,,,,,,,,,,,,,1570489779.414,,,,,,,,,,,,,,,,,,,,,,
c93af2bb-8cbc-430f-91a1-917609305bc5,,,,,,,,,,,,,,,,,,,,1570489942.725,1570500614.387,,,,,,,,,,,,,,,,,,,,,
20a02e67-9169-4c16-9866-69454df2bad0,,,,,,,,,,,1570751005.103,1570750971.852,1570575781.249,,,,,,,1570490454.784,1570490833.049,1570490907.479,1570491169.021,,,1570575829.187,1570576354.214,1570576446.452,,,1570576333.857,1570654920.208,1570662178.185,1570662231.329,,,,1570751005.103,1570750971.852,,,
f24ef290-18ec-43a4-ac38-a5986a93863b,,,,,,,,,,,,,,,,,,,,1570490464.067,1570491665.428,,,,,,,,,,,,,,,,,,,,,
19054dd5-f43d-400e-8824-b4a66d79d5ba,,,,,,,,,,,,,,,,,,,,1570490496.795,,,,,,,,,,,,,,,,,,,,,,
700a935b-aa4c-4810-b67d-610a5f99a7ad,,,,,,,,,,,,,,,,,,,,1570490575.958,1570491026.929,1570491282.77,1570491444.175,,,,,,,,,,,,,,,,,,,
a6c6f6f7-ecbe-44ed-b999-219ae6bf9334,,,,,,,,,,,,,,,,,,,,1570490634.128,1570490865.609,1570491731.021,1570491794.428,,,,,,,,,,,,,,,,,,,
6552ccc2-b00f-4ae4-937f-d81ad65a3311,,,,,,,,,,,,,,,,,,,,1570490682.048,,,,,,,,,,,,,,,,,,,,,,
6099c55e-bbe1-4bd4-96f1-922a1977ffae,,,,,,,,,,,,,,,,,,,,1570490740.741,1570491043.083,1570491297.321,1570491470.822,,,,,,,,,,,,,,,,,,,
84bab16d-dca9-40d3-9642-ea0a227bb9fc,,,,,,,,,,,1570747810.203,1570747866.683,,,,,,,,1570491132.601,1570491904.628,1570492132.368,1570492809.768,,,1570579491.602,,,,,,1570664269.456,1570664327.216,1570664409.237,1570664508.416,1570668766.649,,1570747810.203,1570747866.683,1570749720.255,,
a69acb1e-7a45-4a65-a299-ec5901f0bab1,,,,,,,,,,,1570745032.058,1570744956.036,,,,,,,,1570491133.668,1570492459.028,1570492497.771,1570492692.228,,,1570577907.706,,,,,,1570664052.476,1570664339.736,1570664376.696,1570664492.616,1570668736.52,1570669210.248,1570745032.058,1570744956.036,,,
0e16ddab-f3ff-459e-a811-707df27df973,,,,,,,,,,,,,,,,,,,,1570491687.742,1570491967.368,1570492789.968,1570492920.5,,,1570576499.507,1570576572.152,1570576689.166,,,,,,,,,,,,,,
9cb47936-5872-4de0-ba0e-af5ae370b7ca,,,,,,,,,,,,,,,,,,,,1570491869.068,1570492166.208,1570492434.423,1570492789.423,,,,,,,,,,,,,,,,,,,
c157e71b-8c2e-4b91-82d0-fb24b200ec57,,,,,,,,,,,,,1570569074.134,,,,,,,1570492117.041,,,,,,1570568993.014,,,,,,,,,,,,,,,,
d1e0573b-ea85-4918-89c6-af8e6c8d5e5d,,,,,,,,,,,,,,,,,,,,1570492325.668,1570492523.489,1570492608.184,1570492843.923,,,,,,,,,1570675347.914,1570675606.784,1570675803.367,1570676430.633,,,,,,,
6a547129-9d98-4449-90ca-2bf7449971dc,,,,,,,,,,,,,,,,,,,,1570492728.781,1570497978.32,,,,,,,,,,,,,,,,,,,,,
e4fce530-653e-49f6-8d9f-1ca18d81460f,,,,,,,,,,,,,,,,,,,,1570492881.874,,,,,,,,,,,,,,,,,,,,,,
95448cfb-2b37-4fe3-a7e5-b284e163c373,,,,,,,,,,,,,1570568463.356,,,,,,,1570493064.27,1570498071.02,,,,,1570568978.008,,,,,,,,,,,,,,,,
4f911f9d-6f78-42a8-8199-24ba2c8950e1,,,,,,,,,,,,,,,,,,,,1570493103.239,,,,,,,,,,,,,,,,,,,,,,
8ebd2e60-7eda-4cad-8de2-1c85727470ec,,,,,,,,,,,,,,,,,,,,1570493107.441,,,,,,,,,,,,,,,,,,,,,,
b6e5cb5b-feb1-4ccc-b458-188eb07c1e0b,,,,,,,,,,,,,1570581454.761,,,,,,,1570493435.519,1570493944.926,1570494477.32,1570495141.886,,,,1570582502.056,1570582374.906,1570582061.14,,,,,,,,,,,,,
870b1b74-3996-4687-8c2f-e6339065db12,,,,,,,,,,,,,,,,,,,,1570493898.768,1570494218.219,1570494279.059,,,,,,,,,,,,,,,,,,,,
58f6540a-e9c1-4242-be74-5937e8b58173,,,,,,,,,,,,,,,,,,,,1570493906.427,1570494360.379,1570494586.386,,,,,,,,,,1570655550.868,1570655657.208,,,,,,,,,
382e128a-abb7-4666-86b7-a32576d90745,,,,,,,,,,,,,,,,,,,,1570494456.488,,,,,,,,,,,,,,,,,,,,,,
82967034-f77c-45f8-a402-f800610c2cfc,,,,,,,,,,,,,,,,,,,,1570494457.582,,,,,,,,,,,,,,,,,,,,,,
27b65a69-4722-4727-bb2f-01bc13ed711c,,,,,,,,,,,1570752418.813,1570752543.723,,,,,,,,1570495520.838,,,,,,1570572560.214,,1570574870.154,,,,,,,,,,1570752418.813,1570752543.723,1570752905.143,,
f422bf51-71a5-450a-8165-9f1a7f92e204,,,,,,,,,,,,,,,,,,,,1570495599.743,,,,,,,,,,,,,,,,,,,,,,
e945e497-268b-44d8-b357-7bba18feb1a8,,,,,,,,,,,,,,,,,,,,1570496035.714,1570496243.73,1570496795.847,1570496970.147,,,,,,,,,,,,,,,,,,,
c10f4732-b135-4a84-9304-449a488029a1,,,,,,,,,,,,,1570568457.481,,,,,,,1570496150.468,1570496476.42,1570496497.514,1570496557.274,,,1570568532.21,1570568547.579,1570572015.751,1570579376.894,1570582812.192,1570575607.074,1570662068.142,1570662121.248,1570662384.928,,,,,,,,
b8dd6e2e-eded-4b89-9bad-206fd3164fad,,,,,,,,,,,,,,,,,,,,1570496342.019,1570496831.724,1570496859.126,1570497105.947,,,,,,,,,,,,,,,,,,,
93b5b8c4-8ca2-4752-b62d-e6b4d0b18627,,,,,,,,,,,,,,,,,,,,1570496608.534,1570496927.947,1570497605.519,1570497999.154,,1570498146.527,,,,,,,,,,,,,,,,,
e4a51d5b-6aef-4d6c-bfee-d8ae2a8e63ec,,,,,,,,,,,,,,,,,,,,1570496692.433,1570497290.065,,,,,,,,,,,,,,,,,,,,,
e86b88fa-2efb-45d0-bde5-d52a8cb0aed6,,,,,,,,,,,,,,,,,,,,1570496696.754,,,,,,,,,,,,,,,,,,,,,,
ce4b5269-7f92-4f3e-ab21-1da8be48bf3c,,,,,,,,,,,,,,,,,,,,1570497233.654,,,,,,,,,,,,,,,,,,,,,,
09f8cfc8-d4e7-4cac-b735-4b8a9a411dff,,,,,,,,,,,,,1570572370.194,,,,,,,1570497301.519,1570497775.014,1570497828.25,1570498039.474,,1570498788.022,1570572270.934,1570572212.089,1570572164.239,,,,,,,,,,,,,,
84756c30-4562-4e62-b5ed-842c9408e058,,,,,,,,,,,,,,,,,,,,1570497601.853,1570497784.994,1570497826.366,1570497978.584,,1570498776.171,1570572638.751,1570572653.931,1570572158.995,,1570582810.308,1570582832.801,,,,,,,,,,,
f255b166-57b3-449b-a07d-92bc6b05d515,,,,,,,,,,,,,,,,,,,,1570498163.694,1570498520.799,1570499214.202,1570499335.202,,,,,,,,,,,,,,,,,,,
8df196e8-bfeb-46a7-9842-8b699d75c435,,,,,,,,,,,,,,,,,,,,1570502795.877,,,,,,,,,,,,1570673976.146,,,,,,,,,,
0645f34c-4788-4cac-a461-2e5c90e2081c,,,,,,,,,,,,,1570564746.742,,,,,,,,,,,,,,,,,,,,,,,,,,,,,
1bb7fede-6c38-4aa7-916d-67659706924d,,,,,,,,,,,,,1570565753.873,,,,,,,,,,,,,,1570569408.767,,,,,,,,,,,,,,,
17f97b86-73a5-4809-8d63-ada3d0d41413,,,,,,,,,,,,,1570568117.617,,,,,,,,,,,,,,,,,,,,,,,,,,,,,
725d5574-47d6-4d65-b7df-20824785ab5b,,,,,,,,,,,,,1570568274.597,,,,,,,,,,,,,,,,,,,,,,,,,,,,,
5e4b34a0-6072-463d-a34e-34325bee45ea,,,,,,,,,,,,,1570568386.857,,,,,,,,,,,,,1570568438.429,1570568464.497,,,,,,,,,,,,,,,
689601b5-1b27-4e24-8c1c-04bd019de5e5,,,,,,,,,,,1570745664.35,1570748877.33,1570568571.638,,,,,,,,,,,,,1570568792.858,1570582769.028,,1570583015.026,,,,,,,,,1570745664.35,1570748877.33,,,
7ac73a16-d3d7-4bd0-8b45-ba8a98c6278d,,,,,,,,,,,,,1570568583.198,,,,,,,,,,,,,,,,,,,,,,,,,,,,,
c0f352ae-ddb4-4bd0-a991-b6ceedcea1ee,,,,,,,,,,,,,1570568773.224,,,,,,,,,,,,,,,,,,,1570677195.653,,,,,,,,,,
b6cd1162-11ee-403e-802a-8a15e8bbe500,,,,,,,,,,,,,1570569415.733,,,,,,,,,,,,,1570569161.826,,,,,,,,,,,,,,,,
28f240fc-1793-4be0-920e-e75d8691662f,,,,,,,,,,,,,1570569485.144,,,,,,,,,,,,,,,,,,,,,,,,,,,,,
40cb5a29-fcd4-49a2-97b5-22fed0269182,,,,,,,,,,,,,1570569491.587,,,,,,,,,,,,,1570569916.274,,,,,,,,,,,,,,,,
37882edd-0736-4ed7-bfb8-02f82ba93f86,,,,,,,,,,,,,1570575825.487,,,,,,,,,,,,,1570569550.313,,,,,,,,,,,,,,,,
02ce7ae2-25f8-4a43-bcdb-6d84cf10a50c,,,,,,,,,,,,,1570570840.855,,,,,,,,,,,,,1570570107.013,,,,,,,,,,,,,,,,
2b363544-a970-4d77-b8dd-b62d36150332,,,,,,,,,,,,,1570570212.436,,,,,,,,,,,,,1570571268.814,,,,,,,,,,,,,,,,
34f24970-ceb9-4480-aa68-9ffec249b096,,,,,,,,,,,,,1570570337.358,,,,,,,,,,,,,,,,,,,,,,,,,,,,,
15b6ade6-d0d9-4568-937a-4e7729dd33ee,,,,,,,,,,,,,1570571112.911,,,,,,,,,,,,,1570571205.365,,,,,,,,,,,,,,,,
1136b053-440b-4328-9937-3c122291394f,,,,,,,,,,,1570742677.865,1570743110.376,1570571548.174,,,,,,,,,,,,,1570571460.803,1570571606.677,,1570579329.622,,,,,,,,,1570742677.865,1570743110.376,,,
9a673d3b-a54b-4477-920d-db140a912eba,,,,,,,,,,,,,1570571602.223,,,,,,,,,,,,,1570571813.884,,,,,,,,,,,,,,,,
51a93632-dd43-496f-8ccd-19a81f0b8cdc,,,,,,,,,,,,,1570571707.251,,,,,,,,,,,,,1570572047.834,1570581448.812,1570572350.514,1570581642.731,1570582824.164,1570581466.861,,,,,,,,,,,
e4c35cb7-0dc1-462e-af9f-4ad7b8902a70,,,,,,,,,,,1570744912.695,1570744860.716,1570571774.891,,,,,,,,,,,,,1570571748.68,1570571797.024,,,,,1570661969.882,1570661996.57,1570662247.036,,1570666046.675,,1570744912.695,1570744860.716,,,
c119ad11-f12e-4495-8312-0e8fb7bbc511,,,,,,,,,,,1570748602.062,1570749496.163,1570571927.591,,,,,,,,,,,,,1570572412.387,1570573448.683,1570573519.363,,,,,,,,,,1570748602.062,1570749496.163,,,
122cff19-e583-4fe3-a220-487ec17ddea3,,,,,,,,,,,,,,,,,,,,,,,,,,1570571954.131,,,,,,,,,,,,,,,,
8cb73da4-11b4-4cf9-b09e-1ffde6d5f1b7,,,,,,,,,,,,,1570571962.507,,,,,,,,,,,,,1570572040.15,1570572023.509,1570572058.003,,,,1570668848.499,1570668975.28,,,,,,,,,
fe6b5231-640b-47a5-99a8-180c310ea581,,,,,,,,,,,,,1570571978.623,,,,,,,,,,,,,1570572454.378,1570572285.514,,,,,,,,,,,,,,,
50862683-3354-45b8-a7b6-38a2d48ed793,,,,,,,,,,,,,1570571998.215,,,,,,,,,,,,,,,,,,,,,,,,,,,,,
6ec8f903-ea15-463f-97bc-39a8481dcbee,,,,,,,,,,,,,1570572131.043,,,,,,,,,,,,,1570572481.939,,,,,1570576564.117,,,,,,,,,,,
f06c9738-6c3c-4557-98c2-cb35885a2264,,,,,,,,,,,1570755658.431,1570755676.777,1570572146.511,,,,,,,,,,,,,1570572270.354,1570572235.434,1570572526.44,,,,,,,,,,1570755658.431,1570755676.777,1570755698.457,,
aae901d0-2152-4f5f-aea0-525a1e44e721,,,,,,,,,,,,,1570572180.151,,,,,,,,,,,,,1570572474.079,1570576204.897,,,,1570576015.738,,,,,,,,,,,
265800ae-ad4a-4a06-ad11-c739d6cd4103,,,,,,,,,,,1570750532.296,1570750952.303,1570572212.342,,,,,,,,,,,,,,,,,,,,,,,,,1570750532.296,1570750952.303,,,
bc5f3412-ee5c-4254-805d-c2e12c5280e4,,,,,,,,,,,1570741708.795,1570745191.299,1570572452.317,,,,,,,,,,,,,1570582992.886,,,,,,,,,,,,1570741708.795,1570745191.299,,,
1fcbd73f-a49c-4537-86f7-c26defac501d,,,,,,,,,,,,,1570572474.131,,,,,,,,,,,,,1570573157.133,1570572574.189,1570573093.391,1570579295.763,1570582827.428,1570575662.074,1570654882.102,1570655356.348,1570663459.036,1570663179.321,1570665797.536,,,,,,
ea1f83e9-7e1e-43f6-b345-6715e9663269,,,,,,,,,,,1570742855.09,1570743045.715,,,,,,,,,,,,,,1570572481.812,,,,,,1570656582.788,1570656828.748,,,,,1570742855.09,1570743045.715,,,
474a94b9-0e6f-4480-a9a1-37135b862f7d,,,,,,,,,,,1570754582.59,,1570572575.654,,,,,,,,,,,,,1570577637.143,,,,,1570577350.304,,,,,,,1570754582.59,,,,
711231a9-781f-4281-9fa5-15ee97cdb5db,,,,,,,,,,,,,,,,,,,,,,,,,,1570572628.094,,,,,,,,,,,,,,,,
886d0c00-d247-4d0e-ab55-f19d7a048436,,,,,,,,,,,,,,,,,,,,,,,,,,1570572704.491,,,,,,1570661850.316,1570661863.348,1570672298.666,1570673812.026,1570677503.365,,,,,,
f5766ece-685f-4a21-ba6f-7f9c6b617396,,,,,,,,,,,,,1570573333.335,,,,,,,,,,,,,1570572967.431,,,,,,,,,,,,,,,,
81d3da49-c01e-4ee4-96f8-a66b622396e2,,,,,,,,,,,,,1570573294.694,,,,,,,,,,,,,1570573102.004,,,,,,,,,,,,,,,,
b52a8b0a-dbc2-4bc5-9b24-3926bf07ad37,,,,,,,,,,,,,,,,,,,,,,,,,,1570573133.043,,,,,,,,,,,,,,,,
cd730518-89ee-4994-9179-efde224fcd4d,,,,,,,,,,,,,1570573145.348,,,,,,,,,,,,,,,,,,,,,,,,,,,,,
6fd38f92-7406-43fc-9ea1-3732eb85cb97,,,,,,,,,,,,,,,,,,,,,,,,,,1570573169.115,,,,,,,,,,,,,,,,
03057d90-5df5-4e6b-99c5-eff5bb81ba78,,,,,,,,,,,,,1570573270.775,,,,,,,,,,,,,1570573195.918,,,,,,,,,,,,,,,,
0ef48268-5caf-432f-af7d-2e67aa8c4e3c,,,,,,,,,,,,,1570573274.022,,,,,,,,,,,,,1570573203.394,,,,,,,,,,,,,,,,
731cfec1-704c-4704-a01a-c27577fa7ed3,,,,,,,,,,,,,1570573472.817,,,,,,,,,,,,,1570573506.594,,,,,,,,,,,,,,,,
5c916d4d-daa6-43c1-8044-12bea690de1b,,,,,,,,,,,1570750509.303,1570750529.643,,,,,,,,,,,,,,1570573837.408,,,,,,,,,,,,1570750509.303,1570750529.643,,,
d5827283-fa8e-4e24-869a-28c2295c7f49,,,,,,,,,,,,,,,,,,,,,,,,,,1570573849.105,1570574088.967,,,,,,,,,,,,,,,
c06ec07b-05e4-4faf-9c1b-ae177b24bfc3,,,,,,,,,,,1570750608.404,1570750625.703,,,,,,,,,,,,,,1570573953.784,,,,,,,,,,,,1570750608.404,1570750625.703,,,
75218896-a8be-4286-bafd-6ef8dfca09fa,,,,,,,,,,,,,1570574794.245,,,,,,,,,,,,,,,,,,,,,,,,,,,,,
8b12c15b-b2b2-43f0-8b79-32f2fc5ee326,,,,,,,,,,,,,1570574856.014,,,,,,,,,,,,,,,,,,,,,,,,,,,,,
a13cc41b-8c02-4801-b9b6-13a6ccde318c,,,,,,,,,,,,,1570574873.858,,,,,,,,,,,,,,,,,,,,,,,,,,,,,
f78e23a7-0843-4be8-9c01-6f08f67ae341,,,,,,,,,,,,,1570574970.708,,,,,,,,,,,,,,1570575648.479,,,,,,,,,,,,,,,
545de459-c6bb-47a7-895e-2d473f9fe912,,,,,,,,,,,,,,,,,,,,,,,,,,1570575078.704,,,,,,,,,,,,,,,,
6b30843a-39b1-4afd-a872-fa388363a8e5,,,,,,,,,,,,,,,,,,,,,,,,,,1570575198.002,,,,,,,,,,,,,,,,
aedef481-0198-4f6a-b811-9f78a9ed0ce8,,,,,,,,,,,1570741475.694,1570741447.217,1570578837.523,,,,,,,,,,,,,1570575368.874,,,,,,1570656816.248,1570656871.468,,,,,1570741475.694,1570741447.217,,,
30c46c05-4ddc-478a-9b8f-795064d5e039,,,,,,,,,,,,,1570575443.156,,,,,,,,,,,,,,,,,,,,,,,,,,,,,
2f5cff31-52d4-433e-af5e-dc41b1c35277,,,,,,,,,,,,,1570575480.014,,,,,,,,,,,,,1570575706.373,,,,,,,,,,,,,,,,
daf2c5bc-bc16-4af6-b313-da84ecdc40fe,,,,,,,,,,,,,1570575689.919,,,,,,,,,,,,,1570576417.811,1570575716.443,,,,1570575648.036,,,,,,,,,,,
94eb1c88-892d-4c53-9d36-e4edea72053d,,,,,,,,,,,1570742308.059,1570742239.915,1570575695.334,,,,,,,,,,,,,1570576363.092,1570576754.034,1570576840.124,,,1570576923.405,1570654810.054,1570655088.48,1570662246.248,1570663169.435,1570671725.851,,1570742308.059,1570742239.915,,,
48b59629-b6ca-42fb-ad2d-7dd2fe38a7e4,,,,,,,,,,,,,1570575904.828,,,,,,,,,,,,,1570575771.812,1570575993.712,1570576077.914,,,1570575954.222,,,,,,,,,,,
3b41c3f9-4d87-465c-9715-e3dda3401aef,,,,,,,,,,,,,1570575908.587,,,,,,,,,,,,,1570575832.607,1570575973.608,1570576017.216,,,1570575947.232,,,,,,,,,,,
864a453e-a07a-40b1-9df7-a052df7b159f,,,,,,,,,,,,,1570576330.723,,,,,,,,,,,,,1570575864.867,,,,,,,,,,,,,,,,
531ec8eb-a710-40de-8acd-1bef7f5529a9,,,,,,,,,,,1570747696.823,1570749179.362,,,,,,,,,,,,,,1570575964.972,,,,,,,,,,,,1570747696.823,1570749179.362,,,
f354e641-c1b8-410a-a6cf-7ac4b76f4321,,,,,,,,,,,,,1570576405.999,,,,,,,,,,,,,1570576005.392,,,,,,,,,,,,,,,,
63b00355-0206-4388-ac2d-45c943970d78,,,,,,,,,,,,,1570576071.687,,,,,,,,,,,,,1570576182.76,,,,,,,,,,,,,,,,
9eb847c3-6fca-4bfd-8b96-277d2f5c61d0,,,,,,,,,,,,,,,,,,,,,,,,,,1570576254.299,,,,,,,,,,,,,,,,
9a0856fb-f5d3-41f9-bf63-24a91c6d81e2,,,,,,,,,,,,,,,,,,,,,,,,,,1570576519.907,1570576571.692,1570576678.353,,,,,,,,,,,,,,
a4f2d6f8-b8bb-4766-bb41-b303dc27740a,,,,,,,,,,,,,1570576646.427,,,,,,,,,,,,,,,,,,1570576620.996,,,,,,,,,,,
5032c927-5d5f-4556-8de4-81b1ea2e1e1e,,,,,,,,,,,,,1570576889.199,,,,,,,,,,,,,1570576853.395,,,,,1570576873.039,,,,,,,,,,,
927397e6-231f-444d-bce5-152d04f8bf8d,,,,,,,,,,,,,1570577136.107,,,,,,,,,,,,,,,,,,,,,,,,,,,,,
90285bae-2252-4efd-8daa-20704766ed0c,,,,,,,,,,,,,,,,,,,,,,,,,,1570577148.294,,,,,,,,,,,,,,,,
e8b3ced9-391c-49f2-b5ac-854e0f0db876,,,,,,,,,,,,,,,,,,,,,,,,,,1570577411.064,,,,,,,,,,,,,,,,
c732a7b3-d25c-4981-8345-04e0f6a6fc66,,,,,,,,,,,1570745635.671,1570746369.517,,,,,,,,,,,,,,1570577512.806,,,,,,,,,,,,1570745635.671,1570746369.517,,,
2be2dae6-f6ad-4882-8409-7411046ab881,,,,,,,,,,,,,1570577565.197,,,,,,,,,,,,,1570577764.503,1570577814.362,1570578203.88,1570579619.214,,1570578215.594,,,,,,,,,,,
8969179d-27eb-4e92-90e8-cebc0c12942e,,,,,,,,,,,1570749562.063,,1570577588.863,,,,,,,,,,,,,1570577811.963,1570577832.947,,,,1570577821.194,1570670254.181,,,,,,1570749562.063,,,,
2e7a3a1c-0918-496b-8641-e42b584171c7,,,,,,,,,,,,,1570577656.343,,,,,,,,,,,,,1570577722.374,,,,,,,,,,,,,,,,
8ee3103a-c8d7-458e-b35e-f4f87a78d35a,,,,,,,,,,,,,,,,,,,,,,,,,,1570577705.316,,,,,,,,,,,,,,,,
cce8c244-fe54-4a0d-a1bc-270687cc2e18,,,,,,,,,,,,,1570577761.103,,,,,,,,,,,,,1570577797.397,1570577916.603,1570577850.874,1570579589.574,,1570577818.974,,,,,,,,,,,
ba954ee6-93c6-48f8-a1da-ec0556ff8f90,,,,,,,,,,,,,,,,,,,,,,,,,,1570577787.943,,,,,,,,,,,,,,,,
7382322f-d70f-4881-aee2-ac98765b5cef,,,,,,,,,,,,,,,,,,,,,,,,,,1570577843.554,,,,,,,,,,,,,,,,
ea12bcf4-8700-4e59-ba7e-dd64dbdddd3e,,,,,,,,,,,,,1570578213.754,,,,,,,,,,,,,1570578099.294,1570578764.849,,1570579402.979,,,,,,,,,,,,,
82229819-93d1-4da5-824b-2d6814c426cb,,,,,,,,,,,,,1570578207.202,,,,,,,,,,,,,1570578135.994,1570578754.109,,,,1570578369.286,1570662191.868,,1570662493.868,1570663162.156,,,,,,,
670e308b-bd80-4416-99d7-9a2d155cf31e,,,,,,,,,,,,,1570578305.995,,,,,,,,,,,,,1570578415.614,1570578965.369,,1570579670.454,,,1570655346.568,1570662747.116,1570662654.082,,1570667206.041,1570669207.235,,,,,
56de9396-7ac0-4cc2-b38e-ef9013fb91c2,,,,,,,,,,,,,,,,,,,,,,,,,,1570578459.939,,,,,,,,,,,,,,,,
2ae250ab-fe2d-4682-b7b2-2f1521fe5920,,,,,,,,,,,,,1570578784.789,,,,,,,,,,,,,1570578518.194,1570578681.414,1570578726.934,1570579207.191,,1570578894.082,,,,,,,,,,,
002470de-9447-4fc9-9c90-2ae1271f4531,,,,,,,,,,,,,1570578656.116,,,,,,,,,,,,,1570578894.946,1570578812.843,,,,1570578864.723,,,,,,,,,,,
684e9e2a-6612-491c-ba39-82a62daa2380,,,,,,,,,,,,,1570578801.749,,,,,,,,,,,,,1570578893.323,1570578879.083,,,,,,,,,,,,,,,
3d50dce1-c797-4de3-a878-13c65345d9af,,,,,,,,,,,,,1570578831.049,,,,,,,,,,,,,1570578906.583,1570579000.715,,,,1570578880.975,,,,,,,,,,,
088a0206-eb94-4dd2-a9c6-9ec0aa585f92,,,,,,,,,,,1570753447.363,,,,,,,,,,,,,,,1570578849.999,,,,,,,,,,,,1570753447.363,,,,
1bcd9701-2027-4bce-9ecd-c49f0e2f575d,,,,,,,,,,,,,1570578966.009,,,,,,,,,,,,,1570578884.129,,,,,1570578992.054,,,,,,,,,,,
d95ff315-074f-434a-8622-043bfd94d0c2,,,,,,,,,,,,,1570578923.682,,,,,,,,,,,,,1570578902.631,1570578966.174,,,,,,,,,,,,,,,
4e5e5618-9d20-40bc-9eb5-6bb009da30f2,,,,,,,,,,,,,,,,,,,,,,,,,,1570579106.818,,,,,,,,,,,,,,,,
8f470dcf-a24a-41bb-81ee-76027b332bbe,,,,,,,,,,,1570744086.835,1570743986.076,,,,,,,,,,,,,,1570579137.429,,,,,,1570662054.574,1570662489.317,1570662576.522,1570663061.336,,,1570744086.835,1570743986.076,,,
eeb7d62e-9430-4366-9f9a-be61fd3e5748,,,,,,,,,,,,,1570579165.923,,,,,,,,,,,,,,,,,,,,,,,,,,,,,
3136a6dc-29ed-4529-a91f-a1142bd20928,,,,,,,,,,,,,1570579290.069,,,,,,,,,,,,,,,,,,1570579758.825,,,,,,,,,,,
189ad114-f6b6-4443-a705-8811fb17f065,,,,,,,,,,,,,1570579317.425,,,,,,,,,,,,,1570579526.435,,,,,,,,,,,,,,,,
9a4fea1b-aa2d-4828-8e1a-6c2bf6edc051,,,,,,,,,,,,,1570579354.252,,,,,,,,,,,,,1570579320.349,,,,,,1570654809.688,1570654945.091,1570662373.488,1570663216.665,1570665805.221,,,,,,
df199406-8452-4308-bd9a-ae73b2562a59,,,,,,,,,,,,,1570579888.629,,,,,,,,,,,,,1570579370.748,1570579876.343,,,,,,,,,,,,,,,
18769333-f4a9-4450-9eb5-76720d00fa84,,,,,,,,,,,,,1570579425.352,,,,,,,,,,,,,1570579602.957,1570579618.649,1570579630.627,,,1570579592.26,,,,,,,,,,,
f5536ab8-5c42-4155-b560-67300cc763b7,,,,,,,,,,,,,1570579466.089,,,,,,,,,,,,,,1570579534.303,,,,,,,,,,,,,,,
845e3845-be14-4a87-a6c3-1e772358066c,,,,,,,,,,,1570748254.043,1570748383.802,1570579607.849,,,,,,,,,,,,,1570579469.316,,,,,,,,,,,,1570748254.043,1570748383.802,,,
053d97ae-647e-4176-bc1c-a445f2babc35,,,,,,,,,,,,,1570579860.798,,,,,,,,,,,,,1570579830.666,,,,,,,,,,,,,,,,
7d5a6d21-3882-45c3-b687-e30527d3763c,,,,,,,,,,,,,,,,,,,,,,,,,,1570579958.569,,,,,,,,,,,,,,,,
56811f49-81fc-4be5-b724-ebfc5d3e79e8,,,,,,,,,,,,,1570580098.549,,,,,,,,,,,,,,,,,,,,,,,,,,,,,
4d2bb8ea-dd93-40be-a343-b5f9169e9b68,,,,,,,,,,,,,1570581035.789,,,,,,,,,,,,,,,,,,,,,,,,,,,,,
51ccce6f-8698-4f4c-84b6-24b536958a89,,,,,,,,,,,1570745750.678,1570746460.471,1570581209.74,,,,,,,,,,,,,1570581643.8,1570581317.4,1570583934.596,1570582184.68,,,1570661451.154,1570661598.49,1570662511.879,1570663324.576,,,1570745750.678,1570746460.471,,,
90c8cf38-f55c-4c79-a4e8-e6fed9a3e495,,,,,,,,,,,,,1570581249.9,,,,,,,,,,,,,,1570581305.62,,,,,,,,,,,,,,,
4f37e837-1903-43a1-a7ab-657acaef07db,,,,,,,,,,,,,1570581393.226,,,,,,,,,,,,,1570581514.299,1570581563.735,1570582316.885,1570582041.78,,1570581489.626,,,,,,,,,,,
1a4df79a-b55a-465e-9fb5-6a8904d52ecf,,,,,,,,,,,,,1570581778.18,,,,,,,,,,,,,1570581888.9,1570581860.81,1570581831.64,,,1570581875.954,,,,,,,,,,,
a88ea2e7-dc79-44c1-97b2-c6c43129d8ae,,,,,,,,,,,,,1570582433.366,,,,,,,,,,,,,,1570582729.841,,,,,,,,,,,,,,,
a4cf79cd-3270-4296-b646-fefb0bd694ad,,,,,,,,,,,,,1570582617.991,,,,,,,,,,,,,,1570582635.626,,,,,,,,,,,,,,,
1035d3b5-de4b-47a8-ad46-bdd3bd9fc46f,,,,,,,,,,,,,1570582754.681,,,,,,,,,,,,,,,,,,1570582743.508,,,,,,,,,,,
9f24de33-8fc9-4caa-86df-ff890557c8ec,,,,,,,,,,,,,1570582878.94,,,,,,,,,,,,,,,,,,,,,,,,,,,,,
7bb6e2aa-1a10-48e1-ab10-297f9ad95b7f,,,,,,,,,,,,,1570582894.138,,,,,,,,,,,,,,,,,,,,,,,,,,,,,
ee5e9584-ecc5-470d-a6d3-d8bc33d40302,,,,,,,,,,,1570743952.896,1570743976.274,1570583223.279,,,,,,,,,,,,,,1570583283.046,,,,,1570661442.428,,1570662247.556,,,,1570743952.896,1570743976.274,,,
ffef59a9-c2b5-406e-9dc5-3ea2e54933ed,,,,,,,,,,,1570744275.59,1570744300.167,1570583820.446,,,,,,,,,,,,,,,,,,,,,,,,,1570744275.59,1570744300.167,,,
40f65162-822f-4ed4-a484-d3c87a2307e5,,,,,,,,,,,,,1570584022.727,,,,,,,,,,,,,,,,,,,,,,,,,,,,,
766d5276-177a-4a28-b980-3884d99bbfe4,,,,,,,,,,,,,1570584745.147,,,,,,,,,,,,,,1570584832.586,1570585445.839,,,1570584771.036,1570655292.928,1570655395.553,1570666789.981,1570667858.681,,,,,,,
8e668450-d04f-49b6-a873-f1a0d1b3ec43,,,,,,,,,,,,,1570584757.048,,,,,,,,,,,,,,1570584899.446,1570585663.862,,,,,,,,,,,,,,
a02754f0-8d72-4470-92bc-82ff68aa999f,,,,,,,,,,,1570745833.097,1570746064.057,1570585090.009,,,,,,,,,,,,,,,,,,1570585052.41,,,,,,,1570745833.097,1570746064.057,1570749714.662,,
3c98240c-5adc-4726-8deb-680dab35af4f,,,,,,,,,,,,,1570585336.709,,,,,,,,,,,,,,,,,,,,,,,,,,,,,
04c1a114-9277-4439-af77-61a7bab00fd1,,,,,,,,,,,,,1570586042.766,,,,,,,,,,,,,1570592849.588,,,,,,,,,,,,,,,,
26f45b8d-b482-401f-9ef6-07dcb6cf3024,,,,,,,,,,,,,,,,,,,,,,,,,,,,,,,,1570654913.389,,,,,,,,,,
3658d057-d86c-4afc-8896-2a7113fd49e8,,,,,,,,,,,,,,,,,,,,,,,,,,,,,,,,1570663564.316,1570656139.523,1570662364.456,1570663183.858,1570666799.201,,,,,,
4b4f99f2-2a3c-46cc-9cad-068a5ac7de42,,,,,,,,,,,,,,,,,,,,,,,,,,,,,,,,1570657192.079,1570657164.747,,1570670495.261,,,,,,,
1ae9b4fe-5b18-44a6-adf4-60a4148f458f,,,,,,,,,,,,,,,,,,,,,,,,,,,,,,,,1570657238.155,1570657433.606,,,,,,,,,
39386b3c-ab43-4382-ac3d-a303858d8c24,,,,,,,,,,,,,,,,,,,,,,,,,,,,,,,,1570657573.913,1570657843.877,,,,,,,,,
1effd29b-f273-47ee-9a0b-744f7b04ef2f,,,,,,,,,,,1570742892.815,,,,,,,,,,,,,,,,,,,,,1570660601.869,1570659768.463,1570662110.259,1570663150.419,,,1570742892.815,,,,
eafbeadb-25ec-4ab3-8d32-a665ec9148a1,,,,,,,,,,,1570749548.576,1570749477.643,,,,,,,,,,,,,,,,,,,,1570660317.548,1570659790.486,1570662026.47,1570663161.808,,,1570749548.576,1570749477.643,,,
60e2c91e-b5e0-4b53-97dd-93e0ade5928b,,,,,,,,,,,,,,,,,,,,,,,,,,,,,,,,1570660572.748,,,,,,,,,,
45a61246-790d-4e71-997c-3a12f94d29db,,,,,,,,,,,1570754500.35,,,,,,,,,,,,,,,,,,,,,1570660861.189,1570661269.045,1570662201.995,1570663124.476,,,1570754500.35,,,,
49e8dbcf-bcfe-4f2c-91f1-9857db7c0205,,,,,,,,,,,1570748938.422,1570750438.803,,,,,,,,,,,,,,,,,,,,1570661093.549,,1570662113.236,1570663210.556,,,1570748938.422,1570750438.803,,,
149677f5-12a5-4549-9b7e-9def53ff892f,,,,,,,,,,,,,,,,,,,,,,,,,,,,,,,,1570661403.56,,,,,,,,,,
0d2bc397-ec0d-4c5c-81df-950c2eacc7a7,,,,,,,,,,,1570743255.702,1570743229.308,,,,,,,,,,,,,,,,,,,,1570662844.671,,1570663026.276,1570670681.434,,,1570743255.702,1570743229.308,,,
6c4589c2-c0e5-4a6c-87c8-380bd80a780d,,,,,,,,,,,,,,,,,,,,,,,,,,,,,,,,1570663067.456,1570682791.993,,,,,,,,,
4ea7c247-3672-42ca-b9c2-1798b7c957e3,,,,,,,,,,,,,,,,,,,,,,,,,,,,,,,,1570665935.511,1570692176.052,,,,,,,,,
9bf0563f-76e5-4eb1-9f02-5dcf0744fde8,,,,,,,,,,,,,,,,,,,,,,,,,,,,,,,,1570666166.621,1570666632.439,,1570667925.341,1570668193.091,,,,,,
8ac4bfd1-e374-482c-b497-33e898db004e,,,,,,,,,,,1570741811.716,1570742979.813,,,,,,,,,,,,,,,,,,,,1570667241.01,1570667954.041,,1570668536.861,1570668674.321,,1570741811.716,1570742979.813,,,
312b6385-740d-412d-bd55-9016f8031726,,,,,,,,,,,,,,,,,,,,,,,,,,,,,,,,1570667568.761,1570667606.553,1570667815.101,,1570668823.379,,,,,,
ec79b5a3-58ca-44a9-9d9e-b82f6f6977ac,,,,,,,,,,,,,,,,,,,,,,,,,,,,,,,,,1570668019.021,,,,,,,,,
614f8de1-d8c6-4073-82b4-bc272e6130be,,,,,,,,,,,,,,,,,,,,,,,,,,,,,,,,1570668573.941,1570669107.439,1570669250.481,,1570669681.561,,,,,,
8b949e89-277f-459f-8ad9-3d38f0db7ee3,,,,,,,,,,,,,,,,,,,,,,,,,,,,,,,,1570671360.956,,,,,,,,,,
09e6eb68-2bdd-43e5-9776-8671e741267a,,,,,,,,,,,,,,,,,,,,,,,,,,,,,,,,1570671366.546,,,,,,,,,,
fad87435-22b1-4642-ab0f-2c5e711ac475,,,,,,,,,,,,,,,,,,,,,,,,,,,,,,,,1570671470.113,,,,,,,,,,
40c16677-a193-473a-8146-85194eb5c0c3,,,,,,,,,,,,,,,,,,,,,,,,,,,,,,,,1570671506.866,,,,,,,,,,
b723d708-ea0a-4923-876e-a79a6eaca2ce,,,,,,,,,,,,,1570741399.928,,,,,,,,,,,,,,,,,,,1570671538.226,,,,,,,,,,
d88c2fc3-b20f-4759-8386-c052a7a8e733,,,,,,,,,,,,,,,,,,,,,,,,,,,,,,,,1570671565.326,,,,,,,,,,
82c95d9a-f356-40c6-8012-c47a94337f12,,,,,,,,,,,,,,,,,,,,,,,,,,,,,,,,,1570672416.249,,,,,,,,,
fbfe1c86-bcd1-4f9a-a87b-d6dea0d63e8c,,,,,,,,,,,,,,,,,,,,,,,,,,,,,,,,1570673091.246,,,,,,,,,,
1ee63052-819a-41d9-b4a0-69d612acffed,,,,,,,,,,,1570748180.276,1570748246.877,,,,,,,,,,,,,,,,,,,,1570673158.366,1570673467.326,,1570673688.141,1570673872.998,,1570748180.276,1570748246.877,,,
33a5072f-8ace-4587-a090-42d99db60e4a,,,,,,,,,,,,,,,,,,,,,,,,,,,,,,,,1570673343.766,,,,,,,,,,
e06ed044-1f1a-40e3-8b8b-624e25c261d1,,,,,,,,,,,,,,,,,,,,,,,,,,,,,,,,1570673977.546,,,,,,,,,,
fc6acf97-0067-48a8-9ab3-4d26fceb59d4,,,,,,,,,,,,,,,,,,,,,,,,,,,,,,,,,1570675933.574,,,,,,,,,
0c3a433d-2bc7-4808-afbf-32e15905e925,,,,,,,,,,,1570741420.174,1570741490.487,1570741324.347,,,,,,,,,,,,,,,,,,,,,,,,,1570741420.174,1570741490.487,,,
4e453620-2df5-4cee-97ac-a052a36257f7,,,,,,,,,,,1570741502.932,1570741531.836,,,,,,,,,,,,,,,,,,,,,,,,,,1570741502.932,1570741531.836,,,
890bc066-9293-431b-8bf5-e84ac68f3e8f,,,,,,,,,,,1570742599.534,1570742660.155,1570742049.85,,,,,,,,,,,,,,,,,,,,,,,,,1570742599.534,1570742660.155,,,
379effc5-d80f-4b23-aa08-45a86524ef75,,,,,,,,,,,1570742300.349,1570747433.123,,,,,,,,,,,,,,,,,,,,,,,,,,1570742300.349,1570747433.123,,,
bbfb52ab-1b98-48e5-8f9c-1a4696041277,,,,,,,,,,,1570742849.185,1570742871.176,1570742720.329,,,,,,,,,,,,,,,,,,,,,,,,,1570742849.185,1570742871.176,1570757418.136,,
825b9109-6cde-4ed1-a083-b811342352d5,,,,,,,,,,,1570743659.689,1570743837.186,,,,,,,,,,,,,,,,,,,,,,,,,,1570743659.689,1570743837.186,,,
9477bb86-b9ac-4128-ad45-49552eb4e919,,,,,,,,,,,1570743672.132,1570743823.585,,,,,,,,,,,,,,,,,,,,,,,,,,1570743672.132,1570743823.585,,,
168f6875-24ce-49e6-aa2e-d29f400c3136,,,,,,,,,,,1570745089.316,1570745167.015,,,,,,,,,,,,,,,,,,,,,,,,,,1570745089.316,1570745167.015,,,
e7df50f3-e06b-448e-8984-bce265d1769e,,,,,,,,,,,1570745480.835,1570745536.797,,,,,,,,,,,,,,,,,,,,,,,,,,1570745480.835,1570745536.797,,,
1c5380ce-a565-4b6b-b5ed-197f4abff53e,,,,,,,,,,,1570745498.916,1570746365.637,,,,,,,,,,,,,,,,,,,,,,,,,,1570745498.916,1570746365.637,,,
cdb62231-45aa-4179-b5e6-ad6ef1cb7139,,,,,,,,,,,1570745509.757,,,,,,,,,,,,,,,,,,,,,,,,,,,1570745509.757,,,,
01085fcf-71e9-48a2-ae5b-cf12b9b8a218,,,,,,,,,,,1570746101.187,1570747033.144,,,,,,,,,,,,,,,,,,,,,,,,,,1570746101.187,1570747033.144,1570749748.356,,
a647cab1-b9bf-4bcf-8758-afd90bb1c5d5,,,,,,,,,,,1570746846.41,1570747032.007,,,,,,,,,,,,,,,,,,,,,,,,,,1570746846.41,1570747032.007,,,
bfa2b615-ad0d-4f66-ab7d-d26402fa3a08,,,,,,,,,,,1570748203.983,1570748247.503,,,,,,,,,,,,,,,,,,,,,,,,,,1570748203.983,1570748247.503,,,
22bbac9e-f21a-44cc-8c80-65444cb93a56,,,,,,,,,,,1570748254.662,1570748615.722,,,,,,,,,,,,,,,,,,,,,,,,,,1570748254.662,1570748615.722,1570754344.646,,
c811aeea-a93a-48b7-a6e4-d0599c2e2c71,,,,,,,,,,,1570748927.362,1570748959.192,,,,,,,,,,,,,,,,,,,,,,,,,,1570748927.362,1570748959.192,1570750276.563,,
37e00a0f-6b6d-4c2b-9a4b-294025870d9a,,,,,,,,,,,1570748962.682,1570750450.709,,,,,,,,,,,,,,,,,,,,,,,,,,1570748962.682,1570750450.709,1570750704.723,,
a3302016-7a0c-4322-9782-dd9e3f02fcf0,,,,,,,,,,,1570749260.837,1570749344.503,,,,,,,,,,,,,,,,,,,,,,,,,,1570749260.837,1570749344.503,,,
1ec1a7dc-731d-4b4e-b749-eb2166b2f09a,,,,,,,,,,,1570749403.285,,,,,,,,,,,,,,,,,,,,,,,,,,,1570749403.285,,,,
cb56e10e-af53-489b-9cf9-152ad5bd0e9e,,,,,,,,,,,1570749606.231,1570749938.286,,,,,,,,,,,,,,,,,,,,,,,,,,1570749606.231,1570749938.286,,,
eeaed27a-8f22-4a3a-a853-f759d6dcac5e,,,,,,,,,,,1570749617.662,,,,,,,,,,,,,,,,,,,,,,,,,,,1570749617.662,,,,
b4ea6ca6-bafb-44f8-852d-4ec1598cdab1,,,,,,,,,,,1570749868.662,1570749898.663,,,,,,,,,,,,,,,,,,,,,,,,,,1570749868.662,1570749898.663,1570749968.133,,
d28dcd96-e01d-4762-abc6-3fa8bd1af1ec,,,,,,,,,,,1570749897.272,1570749912.63,,,,,,,,,,,,,,,,,,,,,,,,,,1570749897.272,1570749912.63,1570750060.223,,
1e377287-6017-465b-b005-0edd5a8ab140,,,,,,,,,,,1570749956.501,1570750067.186,,,,,,,,,,,,,,,,,,,,,,,,,,1570749956.501,1570750067.186,1570750087.352,,
a9d328fc-65a6-4e3f-af05-2271a378702d,,,,,,,,,,,1570749996.017,,,,,,,,,,,,,,,,,,,,,,,,,,,1570749996.017,,,,
e9d9a0cf-9240-4183-91fd-64b92b407767,,,,,,,,,,,1570750734.676,,,,,,,,,,,,,,,,,,,,,,,,,,,1570750734.676,,,,
127d722d-b9e0-4705-8968-a824145c98d7,,,,,,,,,,,1570750748.303,,,,,,,,,,,,,,,,,,,,,,,,,,,1570750748.303,,,,
dce3fe3a-4de7-4bdc-9322-28637681202c,,,,,,,,,,,1570750748.9,1570750938.183,,,,,,,,,,,,,,,,,,,,,,,,,,1570750748.9,1570750938.183,,,
02caff6a-7601-4266-a766-ac0aabf88022,,,,,,,,,,,1570750892.443,1570751083.862,,,,,,,,,,,,,,,,,,,,,,,,,,1570750892.443,1570751083.862,1570755727.517,,
9cd2d172-cdad-4266-b563-f0c458758104,,,,,,,,,,,1570750917.022,,,,,,,,,,,,,,,,,,,,,,,,,,,1570750917.022,,,,
da800bee-60ee-4acb-93f2-c087687f8af0,,,,,,,,,,,1570751419.045,1570751483.482,,,,,,,,,,,,,,,,,,,,,,,,,,1570751419.045,1570751483.482,,,
1e5c1ba7-41c9-4062-be35-7cef04c3a375,,,,,,,,,,,1570751708.114,,,,,,,,,,,,,,,,,,,,,,,,,,,1570751708.114,,,,
7614a792-3023-402e-b820-e61874afb405,,,,,,,,,,,1570751863.323,,,,,,,,,,,,,,,,,,,,,,,,,,,1570751863.323,,,,
f69478c2-e6f1-4978-b722-b303e8286390,,,,,,,,,,,1570751988.043,,,,,,,,,,,,,,,,,,,,,,,,,,,1570751988.043,,,,
cb70149e-baa9-435b-a614-f7c66a7e6acb,,,,,,,,,,,1570752113.703,,,,,,,,,,,,,,,,,,,,,,,,,,,1570752113.703,,,,
12c06ea1-3915-47be-9318-62a32f3e545e,,,,,,,,,,,1570752124.943,,,,,,,,,,,,,,,,,,,,,,,,,,,1570752124.943,,,,
a5e23b67-2d74-4408-8490-659136aeda39,,,,,,,,,,,1570752242.197,,,,,,,,,,,,,,,,,,,,,,,,,,,1570752242.197,,,,
5d83ecda-c102-4822-b3ee-f7b54dc34d22,,,,,,,,,,,1570752352.42,,,,,,,,,,,,,,,,,,,,,,,,,,,1570752352.42,,,,
0c389f77-b537-497a-bf0d-e1da0c10eac8,,,,,,,,,,,1570752732.062,,,,,,,,,,,,,,,,,,,,,,,,,,,1570752732.062,,,,
6e1f376b-ee3a-41c7-b3f4-2693327f4f9d,,,,,,,,,,,1570753732.343,,,,,,,,,,,,,,,,,,,,,,,,,,,1570753732.343,,,,
29b5248e-3d94-41a5-a589-ca02172169ee,,,,,,,,,,,1570753740.893,,,,,,,,,,,,,,,,,,,,,,,,,,,1570753740.893,,,,
e82fbbef-d161-4396-ada5-b978e767a557,,,,,,,,,,,1570753758.663,,,,,,,,,,,,,,,,,,,,,,,,,,,1570753758.663,,,,
50dc08f0-9ca2-4ee9-b496-8c652272ffd9,,,,,,,,,,,1570753804.242,,,,,,,,,,,,,,,,,,,,,,,,,,,1570753804.242,,,,
8b874d7b-d10c-4c62-9861-85cb2f90d3a9,,,,,,,,,,,1570753857.032,,,,,,,,,,,,,,,,,,,,,,,,,,,1570753857.032,,,,
693bf6a9-7bd3-45a4-bd16-0c08907d61c1,,,,,,,,,,,1570753879.523,,,,,,,,,,,,,,,,,,,,,,,,,,,1570753879.523,,,,
6b14b255-b0b8-4a88-b70d-2df9448aa3f3,,,,,,,,,,,1570754011.047,,,,,,,,,,,,,,,,,,,,,,,,,,,1570754011.047,,,,
7d4e08a2-7cd6-414c-9fec-e6721e3554a9,,,,,,,,,,,1570754066.035,,,,,,,,,,,,,,,,,,,,,,,,,,,1570754066.035,,,,
ac121955-663c-4db4-b881-493945dc2f28,,,,,,,,,,,1570754110.957,,,,,,,,,,,,,,,,,,,,,,,,,,,1570754110.957,,,,
802e8cbf-1ac9-401e-bd12-89fe96a11d16,,,,,,,,,,,1570754122.214,,,,,,,,,,,,,,,,,,,,,,,,,,,1570754122.214,,,,
5d62d65c-9fd3-4b0c-83d7-a294b6643cb6,,,,,,,,,,,1570754147.303,,,,,,,,,,,,,,,,,,,,,,,,,,,1570754147.303,,,,
e396893a-1b5b-4666-8602-5b32da385cdd,,,,,,,,,,,1570754237.903,,,,,,,,,,,,,,,,,,,,,,,,,,,1570754237.903,,,,
483803d0-3d0b-47ea-bebe-2e32a858cf94,,,,,,,,,,,1570754285.317,,,,,,,,,,,,,,,,,,,,,,,,,,,1570754285.317,,,,
d5967c73-e735-43a0-8920-adefb4c2222a,,,,,,,,,,,1570754297.544,,,,,,,,,,,,,,,,,,,,,,,,,,,1570754297.544,,,,
d6ab8563-0ff6-43d9-9d51-a1a3a27fc503,,,,,,,,,,,1570754306.535,,,,,,,,,,,,,,,,,,,,,,,,,,,1570754306.535,,,,
4b86423f-9794-45f0-9007-7560d74d11c2,,,,,,,,,,,1570754369.603,,,,,,,,,,,,,,,,,,,,,,,,,,,1570754369.603,,,,
022bb572-90c7-4115-9664-ade9d27bd4a5,,,,,,,,,,,1570754729.19,,,,,,,,,,,,,,,,,,,,,,,,,,,1570754729.19,,,,
6e3a7242-d67d-4aa3-a088-4f4a32dacab7,,,,,,,,,,,1570754978.742,1570755186.983,,,,,,,,,,,,,,,,,,,,,,,,,,1570754978.742,1570755186.983,1570755196.507,,
f496ae9d-4f7a-421c-8c5a-f469ead69c09,,,,,,,,,,,1570755487.977,1570755969.45,,,,,,,,,,,,,,,,,,,,,,,,,,1570755487.977,1570755969.45,1570756253.735,,
6d48ba2c-513a-4b54-a8e9-46152dfb2d84,,,,,,,,,,,1570755751.169,,,,,,,,,,,,,,,,,,,,,,,,,,,1570755751.169,,,,
ec05223b-ec88-4d26-ba20-2d1787096beb,,,,,,,,,,,1570756209.842,1570756223.542,,,,,,,,,,,,,,,,,,,,,,,,,,1570756209.842,1570756223.542,1570756273.095,,
b36e1cc9-4906-4e7d-a807-99d525c5057a,,,,,,,,,,,1570756818.656,,,,,,,,,,,,,,,,,,,,,,,,,,,1570756818.656,,,,
